Date,XLF,XLK,XLE
2016-12-01,19.188432693481445,21.049970626831055,25.182878494262695
2016-12-02,18.978952407836914,21.126890182495117,25.257137298583984
2016-12-05,19.205190658569336,21.33051300048828,25.479894638061523
2016-12-06,19.372777938842773,21.39386749267578,25.43264389038086
2016-12-07,19.674427032470703,21.80109977722168,25.63515853881836
2016-12-08,19.858774185180664,21.855405807495117,25.773544311523438
2016-12-09,19.90066909790039,22.013776779174805,25.854555130004883
2016-12-12,19.70793914794922,21.945905685424805,25.976064682006836
2016-12-13,19.758214950561523,22.221923828125,26.269710540771484
2016-12-14,19.66604995727539,22.145000457763672,25.7431640625
2016-12-15,19.83363151550293,22.244552612304688,25.800554275512695
2016-12-16,19.662765502929688,22.083656311035156,25.960704803466797
2016-12-19,19.67117691040039,22.24272918701172,25.84194564819336
2016-12-20,19.915281295776367,22.32453727722168,25.784259796142578
2016-12-21,19.86478042602539,22.279088973999023,25.824979782104492
2016-12-22,19.81427764892578,22.2336368560791,25.930164337158203
2016-12-23,19.847932815551758,22.256366729736328,25.90641212463379
2016-12-27,19.87318992614746,22.347261428833008,25.96409797668457
2016-12-28,19.67117691040039,22.147287368774414,25.682466506958008
2016-12-29,19.528087615966797,22.151830673217773,25.631563186645508
2016-12-30,19.570173263549805,21.979129791259766,25.556928634643555
2017-01-03,19.789020538330078,22.174556732177734,25.845335006713867
2017-01-04,19.948945999145508,22.25182342529297,25.791051864624023
2017-01-05,19.746931076049805,22.288183212280273,25.726579666137695
2017-01-06,19.81427764892578,22.451801300048828,25.750328063964844
2017-01-09,19.679595947265625,22.44724464416504,25.377086639404297
2017-01-10,19.721677780151367,22.451801300048828,25.14634895324707
2017-01-11,19.847932815551758,22.55632972717285,25.417802810668945
2017-01-12,19.679595947265625,22.501792907714844,25.312623977661133
2017-01-13,19.789020538330078,22.56995964050293,25.237966537475586
2017-01-17,19.317657470703125,22.483619689941406,25.3940486907959
2017-01-18,19.477584838867188,22.54269790649414,25.336368560791016
2017-01-19,19.39341163635254,22.510879516601562,25.197250366210938
2017-01-20,19.485998153686523,22.633586883544922,25.292261123657227
2017-01-23,19.359739303588867,22.674495697021484,25.024194717407227
2017-01-24,19.60384178161621,22.815391540527344,25.29904556274414
2017-01-25,19.932111740112305,23.033540725708008,25.43138313293457
2017-01-26,19.982622146606445,22.969919204711914,25.451744079589844
2017-01-27,19.906862258911133,23.060810089111328,25.187076568603516
2017-01-30,19.746931076049805,22.874473571777344,24.725614547729492
2017-01-31,19.620676040649414,22.760852813720703,24.735790252685547
2017-02-01,19.64592933654785,22.933555603027344,24.552560806274414
2017-02-02,19.570173263549805,22.888105392456055,24.691673278808594
2017-02-03,19.965784072875977,23.038082122802734,24.90544319152832
2017-02-06,19.87318992614746,23.051725387573242,24.695079803466797
2017-02-07,19.822689056396484,23.142621994018555,24.3455810546875
2017-02-08,19.68800926208496,23.183523178100586,24.40326690673828
2017-02-09,19.957361221313477,23.256240844726562,24.678110122680664
2017-02-10,20.01628875732422,23.324419021606445,24.864727020263672
2017-02-13,20.243549346923828,23.42894744873047,24.9122314453125
2017-02-14,20.479236602783203,23.506214141845703,24.993671417236328
2017-02-15,20.639163970947266,23.58347511291504,24.895273208618164
2017-02-16,20.588661193847656,23.63800811767578,24.55595588684082
2017-02-17,20.597078323364258,23.719823837280273,24.420228958129883
2017-02-21,20.698089599609375,23.842538833618164,24.58649253845215
2017-02-22,20.71492576599121,23.869802474975586,24.213253021240234
2017-02-23,20.71492576599121,23.865262985229492,24.31504249572754
2017-02-24,20.554990768432617,23.919795989990234,24.087697982788086
2017-02-27,20.664417266845703,23.906164169311523,24.2946834564209
2017-02-28,20.656002044677734,23.792539596557617,24.220041275024414
2017-03-01,21.245206832885742,24.12886619567871,24.70525360107422
2017-03-02,20.91693687438965,23.969797134399414,24.471134185791016
2017-03-03,21.017940521240234,24.024337768554688,24.42701530456543
2017-03-06,20.858015060424805,23.98797035217285,24.481306076049805
2017-03-07,20.799095153808594,23.98797035217285,24.264150619506836
2017-03-08,20.807506561279297,24.015239715576172,23.633031845092773
2017-03-09,20.88326644897461,24.010696411132812,23.78911590576172
2017-03-10,20.866432189941406,24.13795280456543,23.755176544189453
2017-03-13,20.91693687438965,24.160680770874023,23.758569717407227
2017-03-14,20.858015060424805,24.10614013671875,23.490520477294922
2017-03-15,20.8243465423584,24.269752502441406,24.013059616088867
2017-03-16,20.858015060424805,24.28339195251465,23.843400955200195
2017-03-17,20.653589248657227,24.335853576660156,23.82599639892578
2017-03-20,20.484643936157227,24.35866928100586,23.791852951049805
2017-03-21,19.910228729248047,24.00279426574707,23.624591827392578
2017-03-22,19.867996215820312,24.15336036682129,23.59046745300293
2017-03-23,19.910228729248047,24.089488983154297,23.494892120361328
2017-03-24,19.8848876953125,24.107738494873047,23.40271759033203
2017-03-27,19.80886459350586,24.107738494873047,23.29349708557129
2017-03-28,20.079174041748047,24.281112670898438,23.624591827392578
2017-03-29,19.952468872070312,24.32217788696289,23.94887924194336
2017-03-30,20.21433448791504,24.367799758911133,23.942054748535156
2017-03-31,20.04538917541504,24.32217788696289,23.860126495361328
2017-04-03,20.003149032592773,24.299367904663086,23.81916618347168
2017-04-04,19.97780990600586,24.31761360168457,23.993253707885742
2017-04-05,19.825756072998047,24.217235565185547,23.918161392211914
2017-04-06,19.952468872070312,24.221805572509766,24.109312057495117
2017-04-07,19.867996215820312,24.208110809326172,24.017147064208984
2017-04-10,19.817306518554688,24.162485122680664,24.198062896728516
2017-04-11,19.758176803588867,24.071237564086914,24.20147132873535
2017-04-12,19.59767723083496,23.989124298095703,24.09907341003418
2017-04-13,19.344263076782227,23.893308639526367,23.65872573852539
2017-04-17,19.682153701782227,24.112302780151367,23.70993995666504
2017-04-18,19.496313095092773,24.107738494873047,23.488056182861328
2017-04-19,19.437177658081055,24.089488983154297,23.1433048248291
2017-04-20,19.766626358032227,24.308488845825195,23.255943298339844
2017-04-21,19.56389617919922,24.258298873901367,23.139890670776367
2017-04-24,20.003149032592773,24.545726776123047,23.27642822265625
2017-04-25,20.1805419921875,24.673479080200195,23.474407196044922
2017-04-26,20.163646697998047,24.64610481262207,23.395891189575195
2017-04-27,20.070728302001953,24.746471405029297,23.139890670776367
2017-04-28,19.87643814086914,24.81035041809082,23.156951904296875
2017-05-01,20.003149032592773,24.997406005859375,23.09209632873535
2017-05-02,19.97780990600586,25.05215835571289,22.97603988647461
2017-05-03,20.138307571411133,25.006534576416016,23.0408992767334
2017-05-04,20.172096252441406,24.988283157348633,22.61762809753418
2017-05-05,20.138307571411133,25.07952880859375,22.97603988647461
2017-05-08,20.121410369873047,25.189022064208984,23.139890670776367
2017-05-09,20.04538917541504,25.22096061706543,22.948732376098633
2017-05-10,20.112958908081055,25.316770553588867,23.252531051635742
2017-05-11,19.98625373840332,25.284839630126953,23.204744338989258
2017-05-12,19.901782989501953,25.34871482849121,23.12623405456543
2017-05-15,20.0538387298584,25.490150451660156,23.30714988708496
2017-05-16,20.112958908081055,25.6087703704834,23.191091537475586
2017-05-17,19.479415893554688,24.910720825195312,22.962379455566406
2017-05-18,19.555442810058594,25.056720733642578,22.95555305480957
2017-05-19,19.724390029907227,25.20271873474121,23.238876342773438
2017-05-22,19.775068283081055,25.403459548950195,23.187673568725586
2017-05-23,19.927125930786133,25.44908905029297,23.24228858947754
2017-05-24,19.918672561645508,25.55401611328125,23.11940574645996
2017-05-25,19.952468872070312,25.73651885986328,22.69955062866211
2017-05-26,19.94402503967285,25.72283363342285,22.73710060119629
2017-05-30,19.80886459350586,25.832324981689453,22.433298110961914
2017-05-31,19.639921188354492,25.791261672973633,22.337717056274414
2017-06-01,19.8848876953125,25.855133056640625,22.477670669555664
2017-06-02,19.80886459350586,26.09238624572754,22.21824836730957
2017-06-05,19.842649459838867,26.115196228027344,22.259214401245117
2017-06-06,19.758176803588867,26.065013885498047,22.522050857543945
2017-06-07,19.910228729248047,26.14713478088379,22.204599380493164
2017-06-08,20.138307571411133,26.206445693969727,22.13974380493164
2017-06-09,20.518436431884766,25.558582305908203,22.6722412109375
2017-06-12,20.560672760009766,25.408018112182617,22.832672119140625
2017-06-13,20.670482635498047,25.59052085876465,23.00334930419922
2017-06-14,20.704273223876953,25.467336654663086,22.58690643310547
2017-06-15,20.619796752929688,25.353273391723633,22.41623878479004
2017-06-16,20.596904754638672,25.30884552001953,22.78708267211914
2017-06-19,20.808895111083984,25.684467315673828,22.64272117614746
2017-06-20,20.630826950073242,25.47832489013672,22.354019165039062
2017-06-21,20.46123695373535,25.620330810546875,21.993141174316406
2017-06-22,20.33403968811035,25.629491806030273,21.979393005371094
2017-06-23,20.25772476196289,25.78982925415039,22.127180099487305
2017-06-26,20.367963790893555,25.652402877807617,22.079063415527344
2017-06-27,20.469715118408203,25.23097038269043,22.044694900512695
2017-06-28,20.791940689086914,25.547046661376953,22.164989471435547
2017-06-29,20.936086654663086,25.08896255493164,22.213102340698242
2017-06-30,20.91912841796875,25.06606674194336,22.312780380249023
2017-07-03,21.224395751953125,24.891996383666992,22.742401123046875
2017-07-05,21.25830841064453,25.13935089111328,22.281843185424805
2017-07-06,21.097198486328125,24.910316467285156,22.034387588500977
2017-07-07,21.24135398864746,25.198904037475586,22.000009536743164
2017-07-10,21.215917587280273,25.382129669189453,22.072189331054688
2017-07-11,21.02936553955078,25.43709945678711,22.19249153137207
2017-07-12,21.097198486328125,25.766923904418945,22.254350662231445
2017-07-13,21.224395751953125,25.817310333251953,22.343713760375977
2017-07-14,21.131120681762695,26.046344757080078,22.477752685546875
2017-07-17,21.06328582763672,26.050931930541992,22.45025634765625
2017-07-18,21.02936553955078,26.170026779174805,22.343713760375977
2017-07-19,21.0378475189209,26.302867889404297,22.670215606689453
2017-07-20,21.02936553955078,26.357845306396484,22.601486206054688
2017-07-21,21.02936553955078,26.325777053833008,22.37807846069336
2017-07-24,21.12264060974121,26.389907836914062,22.33683967590332
2017-07-25,21.38551139831543,26.33951759338379,22.618667602539062
2017-07-26,21.24135398864746,26.440296173095703,22.64272117614746
2017-07-27,21.12264060974121,26.33951759338379,22.873003005981445
2017-07-28,21.12264060974121,26.312036514282227,22.845504760742188
2017-07-31,21.275272369384766,26.18376350402832,22.897064208984375
2017-08-01,21.427906036376953,26.316608428955078,22.893627166748047
2017-08-02,21.461824417114258,26.389907836914062,22.807703018188477
2017-08-03,21.38551139831543,26.33035659790039,22.48806381225586
2017-08-04,21.5296573638916,26.389907836914062,22.560239791870117
2017-08-07,21.495742797851562,26.550233840942383,22.388385772705078
2017-08-08,21.43638801574707,26.51358413696289,22.33683967590332
2017-08-09,21.43638801574707,26.499849319458008,22.35746192932129
2017-08-10,21.05480194091797,25.977630615234375,22.120309829711914
2017-08-11,20.970012664794922,26.156286239624023,21.9759521484375
2017-08-14,21.25830841064453,26.57313346862793,21.91065216064453
2017-08-15,21.275272369384766,26.61436653137207,21.82816505432129
2017-08-16,21.232872009277344,26.69223976135254,21.618507385253906
2017-08-17,20.86825942993164,26.170026779174805,21.312620162963867
2017-08-18,20.876733779907227,26.142541885375977,21.41916847229004
2017-08-21,20.81736946105957,26.133380889892578,21.309186935424805
2017-08-22,21.04632568359375,26.522743225097656,21.450098037719727
2017-08-23,20.97848129272461,26.458614349365234,21.542898178100586
2017-08-24,20.97848129272461,26.435712814331055,21.556644439697266
2017-08-25,21.0378475189209,26.431129455566406,21.652883529663086
2017-08-28,20.902170181274414,26.481521606445312,21.556644439697266
2017-08-29,20.83433723449707,26.596044540405273,21.52914810180664
2017-08-30,20.91912841796875,26.788434982299805,21.539459228515625
2017-08-31,20.944570541381836,26.94876480102539,21.6425724029541
2017-09-01,21.003925323486328,26.925865173339844,21.852222442626953
2017-09-05,20.554508209228516,26.68765640258789,21.97252082824707
2017-09-06,20.605384826660156,26.710561752319336,22.3299617767334
2017-09-07,20.249244689941406,26.802173614501953,22.37120246887207
2017-09-08,20.435792922973633,26.582298278808594,22.134056091308594
2017-09-11,20.791940689086914,26.957921981811523,22.343713760375977
2017-09-12,21.0378475189209,27.022058486938477,22.48118782043457
2017-09-13,21.071760177612305,26.985408782958984,22.763023376464844
2017-09-14,21.02936553955078,26.893789291381836,22.873003005981445
2017-09-15,21.091524124145508,27.0036678314209,22.92697525024414
2017-09-18,21.338457107543945,27.026655197143555,23.024477005004883
2017-09-19,21.500240325927734,27.146175384521484,23.11850357055664
2017-09-20,21.627967834472656,27.03584861755371,23.275203704833984
2017-09-21,21.679054260253906,26.888736724853516,23.282167434692383
2017-09-22,21.653512954711914,26.90252685546875,23.400558471679688
2017-09-25,21.627967834472656,26.585323333740234,23.738338470458984
2017-09-26,21.61945152282715,26.681865692138672,23.727888107299805
2017-09-27,21.8834171295166,26.953096389770508,23.828876495361328
2017-09-28,21.91747283935547,26.985280990600586,23.849769592285156
2017-09-29,22.0196533203125,27.169164657592773,23.846290588378906
2017-10-02,22.206981658935547,27.21053123474121,23.839319229125977
2017-10-03,22.283618927001953,27.274900436401367,23.814943313598633
2017-10-04,22.18143653869629,27.256511688232422,23.797531127929688
2017-10-05,22.411334991455078,27.51854133605957,23.90548324584961
2017-10-06,22.436891555786133,27.559919357299805,23.703510284423828
2017-10-09,22.351741790771484,27.628881454467773,23.752267837524414
2017-10-10,22.45391845703125,27.65645980834961,23.77315902709961
2017-10-11,22.411334991455078,27.748397827148438,23.828876495361328
2017-10-12,22.24104881286621,27.679439544677734,23.741823196411133
2017-10-13,22.249563217163086,27.812768936157227,23.727888107299805
2017-10-16,22.394309997558594,27.913904190063477,23.78013038635254
2017-10-17,22.283618927001953,27.913904190063477,23.794055938720703
2017-10-18,22.40282440185547,27.982858657836914,23.62690544128418
2017-10-19,22.41985321044922,27.900110244750977,23.553775787353516
2017-10-20,22.683820724487305,28.088592529296875,23.599048614501953
2017-10-23,22.666791915893555,27.955270767211914,23.477169036865234
2017-10-24,22.82857322692871,28.033424377441406,23.522438049316406
2017-10-25,22.69234275817871,27.881725311279297,23.35877227783203
2017-10-26,22.820053100585938,27.996652603149414,23.40752410888672
2017-10-27,22.80302619934082,28.750581741333008,23.44931411743164
2017-10-30,22.709362030029297,28.814945220947266,23.571189880371094
2017-10-31,22.649761199951172,28.939064025878906,23.647794723510742
2017-11-01,22.683820724487305,28.943662643432617,23.915922164916992
2017-11-02,22.896697998046875,28.95745849609375,23.846290588378906
2017-11-03,22.80302619934082,29.187314987182617,23.915922164916992
2017-11-06,22.777482986450195,29.25166893005371,24.4626407623291
2017-11-07,22.462430953979492,29.265460968017578,24.431306838989258
2017-11-08,22.351741790771484,29.426362991333008,24.31290626525879
2017-11-09,22.275100708007812,29.19190788269043,24.38603401184082
2017-11-10,22.206981658935547,29.19190788269043,24.257190704345703
2017-11-13,22.24104881286621,29.182716369628906,24.117900848388672
2017-11-14,22.232526779174805,29.12295150756836,23.727888107299805
2017-11-15,22.292139053344727,28.90688133239746,23.45976448059082
2017-11-16,22.300642013549805,29.31143569946289,23.365745544433594
2017-11-17,22.275100708007812,29.12295150756836,23.480653762817383
2017-11-20,22.37728500366211,29.2332820892334,23.424930572509766
2017-11-21,22.445404052734375,29.541297912597656,23.477169036865234
2017-11-22,22.33470916748047,29.48611831665039,23.571189880371094
2017-11-24,22.326189041137695,29.651622772216797,23.637351989746094
2017-11-27,22.30915641784668,29.651622772216797,23.39708137512207
2017-11-28,22.888179779052734,29.748159408569336,23.578157424926758
2017-11-29,23.27986717224121,29.090770721435547,23.706998825073242
2017-11-30,23.43313980102539,29.34821891784668,24.06218147277832
2017-12-01,23.484222412109375,29.196502685546875,24.264148712158203
2017-12-04,23.84185028076172,28.727598190307617,24.253711700439453
2017-12-05,23.71413230895996,28.736787796020508,24.14923858642578
2017-12-06,23.628978729248047,28.920671463012695,23.83583641052246
2017-12-07,23.70561408996582,29.099966049194336,23.90548324584961
2017-12-08,23.85036849975586,29.23788070678711,24.124862670898438
2017-12-11,23.790767669677734,29.49073028564453,24.298974990844727
2017-12-12,24.029184341430664,29.481529235839844,24.232812881469727
2017-12-13,23.731157302856445,29.49073028564453,24.197986602783203
2017-12-14,23.577892303466797,29.45393943786621,24.110933303833008
2017-12-15,23.790040969848633,29.78986358642578,24.089195251464844
2017-12-18,24.003896713256836,30.05287742614746,24.27499008178711
2017-12-19,23.9012508392334,29.868310928344727,24.310043334960938
2017-12-20,23.85847282409668,29.85907554626465,24.653581619262695
2017-12-21,24.06378173828125,29.799097061157227,25.17588233947754
2017-12-22,23.995346069335938,29.7806339263916,25.22846031188965
2017-12-26,23.926916122436523,29.58222198486328,25.449308395385742
2017-12-27,23.95257568359375,29.614517211914062,25.36516761779785
2017-12-28,24.04667091369629,29.6652774810791,25.403736114501953
2017-12-29,23.875585556030273,29.508399963378906,25.33011817932129
2018-01-02,23.884140014648438,29.872922897338867,25.74725914001465
2018-01-03,24.0124568939209,30.122098922729492,26.132856369018555
2018-01-04,24.234874725341797,30.274368286132812,26.290599822998047
2018-01-05,24.30331039428711,30.59274673461914,26.28008270263672
2018-01-08,24.26909065246582,30.708118438720703,26.437828063964844
2018-01-09,24.457294464111328,30.629661560058594,26.371232986450195
2018-01-10,24.662593841552734,30.523536682128906,26.339679718017578
2018-01-11,24.782358169555664,30.64812469482422,26.87950897216797
2018-01-12,25.004777908325195,30.82807731628418,27.13890838623047
2018-01-16,24.93634033203125,30.708118438720703,26.795392990112305
2018-01-17,25.12453842163086,31.1695499420166,27.030241012573242
2018-01-18,25.09032440185547,31.22490692138672,26.809402465820312
2018-01-19,25.269968032836914,31.284900665283203,26.77434730529785
2018-01-22,25.475276947021484,31.58944320678711,27.352745056152344
2018-01-23,25.500946044921875,31.727876663208008,27.3106746673584
2018-01-24,25.672029495239258,31.483318328857422,27.237062454223633
2018-01-25,25.620698928833008,31.427942276000977,27.02323341369629
2018-01-26,25.808908462524414,31.92627716064453,27.17046546936035
2018-01-29,25.70624542236328,31.635583877563477,26.760324478149414
2018-01-30,25.37261962890625,31.3494930267334,26.220500946044922
2018-01-31,25.44106101989746,31.5848388671875,26.238021850585938
2018-02-01,25.680580139160156,31.612512588500977,26.507936477661133
2018-02-02,25.115985870361328,30.675809860229492,25.400232315063477
2018-02-05,23.84992218017578,29.393041610717773,24.33457374572754
2018-02-06,24.28620147705078,30.237455368041992,24.527381896972656
2018-02-07,24.30331039428711,29.849853515625,24.117252349853516
2018-02-08,23.233999252319336,28.613216400146484,23.38811492919922
2018-02-09,23.6788330078125,29.314598083496094,23.37059783935547
2018-02-12,24.0124568939209,29.840620040893555,23.752683639526367
2018-02-13,24.115114212036133,29.914447784423828,23.65453338623047
2018-02-14,24.688262939453125,30.46355438232422,23.998065948486328
2018-02-15,24.825132369995117,31.04496192932129,23.938472747802734
2018-02-16,24.790918350219727,30.99881935119629,23.87887191772461
2018-02-20,24.713924407958984,31.02649688720703,23.749183654785156
2018-02-21,24.74814224243164,30.82807731628418,23.349563598632812
2018-02-22,24.542837142944336,30.864992141723633,23.605457305908203
2018-02-23,24.910676956176758,31.5109920501709,24.117252349853516
2018-02-26,25.287073135375977,32.00471496582031,24.260961532592773
2018-02-27,25.04755401611328,31.681730270385742,23.94548225402832
2018-02-28,24.696813583374023,31.455629348754883,23.395130157470703
2018-03-01,24.26909065246582,30.934223175048828,23.36007308959961
2018-03-02,24.328977584838867,31.229520797729492,23.468740463256836
2018-03-05,24.671142578125,31.547914505004883,23.717622756958008
2018-03-06,24.7738037109375,31.617124557495117,23.731645584106445
2018-03-07,24.731035232543945,31.79246711730957,23.552875518798828
2018-03-08,24.808025360107422,31.93089485168457,23.545862197875977
2018-03-09,25.406841278076172,32.53536605834961,23.99455451965332
2018-03-12,25.32129669189453,32.63689041137695,23.987546920776367
2018-03-13,25.03899574279785,32.26313781738281,23.815780639648438
2018-03-14,24.756698608398438,32.23543167114258,23.675565719604492
2018-03-15,24.765254974365234,32.25389099121094,23.552875518798828
2018-03-16,24.786718368530273,32.220577239990234,23.7629337310791
2018-03-19,24.60641860961914,31.581811904907227,23.39577293395996
2018-03-20,24.666515350341797,31.56791877746582,23.59347152709961
2018-03-21,24.65792465209961,31.37814712524414,24.211294174194336
2018-03-22,23.74785804748535,30.56812286376953,23.717039108276367
2018-03-23,23.02666473388672,29.753456115722656,23.572294235229492
2018-03-26,23.77361297607422,30.882862091064453,23.995935440063477
2018-03-27,23.309986114501953,29.892322540283203,23.769996643066406
2018-03-28,23.352916717529297,29.693288803100586,23.307510375976562
2018-03-29,23.67058753967285,30.2811336517334,23.798236846923828
2018-04-02,23.146862030029297,29.559053421020508,23.321630477905273
2018-04-03,23.46453094482422,29.850658416748047,23.81941795349121
2018-04-04,23.713518142700195,30.267242431640625,23.787641525268555
2018-04-05,23.902393341064453,30.392227172851562,24.214818954467773
2018-04-06,23.327157974243164,29.646997451782227,23.77705192565918
2018-04-09,23.455944061279297,29.878437042236328,23.89002227783203
2018-04-10,23.807958602905273,30.614410400390625,24.68082618713379
2018-04-11,23.52462387084961,30.43388557434082,24.938541412353516
2018-04-12,23.936737060546875,30.799556732177734,24.93501853942871
2018-04-13,23.576141357421875,30.697717666625977,25.210376739501953
2018-04-16,23.679170608520508,30.933780670166016,25.468101501464844
2018-04-17,23.679170608520508,31.50774574279785,25.566951751708984
2018-04-18,23.567562103271484,31.424434661865234,25.96941566467285
2018-04-19,23.928152084350586,31.077274322509766,26.00119400024414
2018-04-20,23.936737060546875,30.646806716918945,25.877622604370117
2018-04-23,23.910982131958008,30.535715103149414,26.036487579345703
2018-04-24,23.756441116333008,30.0034122467041,25.75758934020996
2018-04-25,23.739267349243164,30.008037567138672,25.96234703063965
2018-04-26,23.74785804748535,30.554231643676758,26.34010887145996
2018-04-27,23.782201766967773,30.498680114746094,26.061201095581055
2018-04-30,23.567562103271484,30.299652099609375,26.05767250061035
2018-05-01,23.576141357421875,30.679201126098633,25.8988037109375
2018-05-02,23.309986114501953,30.646806716918945,26.004716873168945
2018-05-03,23.112520217895508,30.71623420715332,25.9446964263916
2018-05-04,23.41301727294922,31.299449920654297,26.071792602539062
2018-05-07,23.567562103271484,31.517009735107422,26.10709571838379
2018-05-08,23.730684280395508,31.586435317993164,26.311853408813477
2018-05-09,24.08269500732422,31.975257873535156,26.848474502563477
2018-05-10,24.280162811279297,32.3918342590332,27.049711227416992
2018-05-11,24.262990951538086,32.34553909301758,27.088539123535156
2018-05-14,24.245819091796875,32.34092330932617,27.27564811706543
2018-05-15,24.202896118164062,32.03541946411133,27.282712936401367
2018-05-16,24.245819091796875,32.178916931152344,27.378034591674805
2018-05-17,24.194305419921875,32.01229476928711,27.79108238220215
2018-05-18,23.996841430664062,31.878042221069336,27.57573127746582
2018-05-21,24.168554306030273,32.15576934814453,27.858154296875
2018-05-22,24.331680297851562,32.1094970703125,27.487478256225586
2018-05-23,24.177139282226562,32.34553909301758,27.483945846557617
2018-05-24,23.988252639770508,32.30851745605469,27.032045364379883
2018-05-25,23.910982131958008,32.285369873046875,26.329511642456055
2018-05-29,23.112520217895508,32.1094970703125,26.24831199645996
2018-05-30,23.53321075439453,32.34553909301758,27.04265022277832
2018-05-31,23.335744857788086,32.354793548583984,26.837879180908203
2018-06-01,23.593311309814453,32.90563201904297,26.964977264404297
2018-06-04,23.67058753967285,33.169456481933594,26.731971740722656
2018-06-05,23.567562103271484,33.28518295288086,26.668428421020508
2018-06-06,23.996841430664062,33.50272750854492,26.795520782470703
2018-06-07,24.074111938476562,33.2342643737793,27.201519012451172
2018-06-08,24.108455657958984,33.178714752197266,27.1485652923584
2018-06-11,24.05694007873535,33.21575164794922,27.289772033691406
2018-06-12,23.996841430664062,33.377750396728516,27.08147621154785
2018-06-13,23.910982131958008,33.20648193359375,26.979103088378906
2018-06-14,23.687761306762695,33.44255828857422,26.940261840820312
2018-06-15,23.686893463134766,33.314815521240234,26.361637115478516
2018-06-18,23.64377784729004,33.351966857910156,26.62465476989746
2018-06-19,23.583419799804688,33.18011474609375,26.564233779907227
2018-06-20,23.523061752319336,33.24978256225586,26.6815128326416
2018-06-21,23.454076766967773,32.99430465698242,26.187484741210938
2018-06-22,23.34197998046875,32.88747024536133,26.709949493408203
2018-06-25,23.091922760009766,32.20462417602539,26.173259735107422
2018-06-26,23.014310836791992,32.33469772338867,26.503807067871094
2018-06-27,22.72976303100586,31.89340591430664,26.859230041503906
2018-06-28,22.92808723449707,32.283592224121094,26.823680877685547
2018-06-29,22.92808723449707,32.2696647644043,26.990734100341797
2018-07-02,23.04018211364746,32.55766296386719,26.592670440673828
2018-07-03,22.83323097229004,32.17211151123047,26.75971031188965
2018-07-05,22.884979248046875,32.62734603881836,26.731279373168945
2018-07-06,22.997066497802734,33.00823211669922,26.894773483276367
2018-07-09,23.523061752319336,33.25907516479492,27.296396255493164
2018-07-10,23.43683433532715,33.33803176879883,27.49898910522461
2018-07-11,23.324731826782227,33.20798110961914,26.91609764099121
2018-07-12,23.367847442626953,33.73287582397461,26.962303161621094
2018-07-13,23.264373779296875,33.695716857910156,27.104463577270508
2018-07-16,23.678272247314453,33.61674880981445,26.791690826416016
2018-07-17,23.704137802124023,33.867584228515625,26.685077667236328
2018-07-18,24.083541870117188,33.81184768676758,26.702842712402344
2018-07-19,23.721389770507812,33.691070556640625,26.709949493408203
2018-07-20,23.764497756958008,33.70036315917969,26.6175479888916
2018-07-23,24.0921688079834,33.87223434448242,26.50025177001953
2018-07-24,24.16114616394043,34.05803680419922,26.8343505859375
2018-07-25,24.212888717651367,34.485382080078125,27.05826759338379
2018-07-26,24.204267501831055,33.955841064453125,27.353254318237305
2018-07-27,24.25600242614746,33.375205993652344,27.235973358154297
2018-07-30,24.27324867248535,32.85494613647461,27.459897994995117
2018-07-31,24.10079574584961,32.943206787109375,27.41013526916504
2018-08-01,24.10079574584961,33.24049758911133,27.029836654663086
2018-08-02,24.109405517578125,33.65855407714844,26.880550384521484
2018-08-03,24.247373580932617,33.77932357788086,26.741933822631836
2018-08-06,24.37672233581543,33.960487365722656,26.841459274291992
2018-08-07,24.488815307617188,34.09054946899414,27.04050064086914
2018-08-08,24.549171447753906,34.1834602355957,26.845012664794922
2018-08-09,24.402585983276367,34.19739532470703,26.596210479736328
2018-08-10,24.11803436279297,33.92332458496094,26.75971031188965
2018-08-13,23.88521957397461,33.87688446044922,26.418514251708984
2018-08-14,24.109405517578125,34.085906982421875,26.482484817504883
2018-08-15,23.91971206665039,33.77932357788086,25.558382034301758
2018-08-16,24.238752365112305,33.9279670715332,25.743206024169922
2018-08-17,24.290491104125977,33.979068756103516,25.807178497314453
2018-08-20,24.368099212646484,33.9279670715332,25.981342315673828
2018-08-21,24.46295166015625,33.983707427978516,26.112842559814453
2018-08-22,24.37672233581543,34.085906982421875,26.425621032714844
2018-08-23,24.26462173461914,34.16022872924805,26.30121612548828
2018-08-24,24.35085105895996,34.503971099853516,26.493144989013672
2018-08-27,24.678518295288086,34.819828033447266,26.688621520996094
2018-08-28,24.652645111083984,34.880226135253906,26.57489776611328
2018-08-29,24.64402961730957,35.19609832763672,26.738388061523438
2018-08-30,24.454326629638672,35.08926010131836,26.66374397277832
2018-08-31,24.42845916748047,35.11711883544922,26.457599639892578
2018-09-04,24.549171447753906,34.982418060302734,26.400732040405273
2018-09-05,24.566417694091797,34.5457649230957,26.365188598632812
2018-09-06,24.454326629638672,34.29493713378906,25.878263473510742
2018-09-07,24.42845916748047,34.1788215637207,25.874704360961914
2018-09-10,24.402585983276367,34.2856330871582,25.864042282104492
2018-09-11,24.42845916748047,34.57828903198242,26.109289169311523
2018-09-12,24.204267501831055,34.43428421020508,26.244348526000977
2018-09-13,24.169769287109375,34.83842849731445,26.255016326904297
2018-09-14,24.34222984313965,34.810543060302734,26.393625259399414
2018-09-17,24.238752365112305,34.37390899658203,26.436277389526367
2018-09-18,24.359468460083008,34.59223175048828,26.610435485839844
2018-09-19,24.773365020751953,34.503971099853516,26.692180633544922
2018-09-20,24.988941192626953,34.912742614746094,26.699291229248047
2018-09-21,24.89193344116211,34.7747802734375,26.875715255737305
2018-09-24,24.614784240722656,34.947227478027344,27.26936912536621
2018-09-25,24.519508361816406,34.90526580810547,27.444725036621094
2018-09-26,24.225032806396484,34.7747802734375,27.179901123046875
2018-09-27,24.1384220123291,34.9798583984375,27.179901123046875
2018-09-28,23.887250900268555,35.110355377197266,27.104751586914062
2018-10-01,23.982524871826172,35.27814483642578,27.480501174926758
2018-10-02,23.982524871826172,35.282806396484375,27.509143829345703
2018-10-03,24.207712173461914,35.390018463134766,27.73101234436035
2018-10-04,24.372268676757812,34.751468658447266,27.616500854492188
2018-10-05,24.251014709472656,34.313358306884766,27.612926483154297
2018-10-08,24.415578842163086,33.92649841308594,27.59144401550293
2018-10-09,24.320310592651367,34.04767990112305,27.838376998901367
2018-10-10,23.566787719726562,32.397743225097656,26.965177536010742
2018-10-11,22.865243911743164,31.98757553100586,26.052621841430664
2018-10-12,22.89122772216797,33.01297378540039,26.124202728271484
2018-10-15,22.787288665771484,32.47230529785156,25.905900955200195
2018-10-16,23.168378829956055,33.451080322265625,26.120622634887695
2018-10-17,23.402231216430664,33.297279357910156,25.95599937438965
2018-10-18,23.01247787475586,32.644752502441406,25.827163696289062
2018-10-19,23.09909439086914,32.63077926635742,25.598140716552734
2018-10-22,22.60541343688965,32.90110397338867,25.315420150756836
2018-10-23,22.423526763916016,32.7752571105957,24.653366088867188
2018-10-24,21.860559463500977,31.30708122253418,23.679975509643555
2018-10-25,22.19833755493164,32.38375473022461,23.969850540161133
2018-10-26,21.877878189086914,31.73588752746582,23.790916442871094
2018-10-29,22.06842041015625,31.19988250732422,23.34716033935547
2018-10-30,22.449512481689453,31.549463272094727,23.887542724609375
2018-10-31,22.761306762695312,32.29985427856445,24.034263610839844
2018-11-01,22.865243911743164,32.67738342285156,24.238248825073242
2018-11-02,22.84792137145996,32.038841247558594,24.17741584777832
2018-11-05,23.211687088012695,32.00621795654297,24.581802368164062
2018-11-06,23.33294105529785,32.206634521484375,24.696317672729492
2018-11-07,23.636077880859375,33.15279006958008,25.100704193115234
2018-11-08,23.705366134643555,33.12482452392578,24.556753158569336
2018-11-09,23.488840103149414,32.551536560058594,24.51380729675293
2018-11-12,23.02114486694336,31.404966354370117,24.005638122558594
2018-11-13,23.151058197021484,31.4422607421875,23.45452308654785
2018-11-14,22.839258193969727,31.064714431762695,23.415151596069336
2018-11-15,23.17704200744629,31.843088150024414,23.758710861206055
2018-11-16,23.20302391052246,31.791812896728516,24.041418075561523
2018-11-19,23.194366455078125,30.579994201660156,24.034263610839844
2018-11-20,22.68336296081543,29.922807693481445,23.24695587158203
2018-11-21,22.700679779052734,30.14185905456543,23.61197853088379
2018-11-23,22.518798828125,29.866880416870117,22.871200561523438
2018-11-26,22.977842330932617,30.542692184448242,23.214757919311523
2018-11-27,22.995155334472656,30.603294372558594,23.150339126586914
2018-11-28,23.436870574951172,31.67529296875,23.54756736755371
2018-11-29,23.237672805786133,31.3676815032959,23.701444625854492
2018-11-30,23.358924865722656,31.665964126586914,23.65850830078125
2018-12-03,23.506166458129883,32.3651008605957,24.184572219848633
2018-12-04,22.48415756225586,31.139291763305664,23.49030876159668
2018-12-06,22.1723575592041,31.209218978881836,23.05729103088379
2018-12-07,21.74796485900879,30.109243392944336,22.928455352783203
2018-12-10,21.444828033447266,30.524059295654297,22.57059097290039
2018-12-11,21.23695945739746,30.561338424682617,22.57775115966797
2018-12-12,21.358217239379883,30.79905128479004,22.667213439941406
2018-12-13,21.20231819152832,30.85032844543457,22.738786697387695
2018-12-14,20.994447708129883,30.095258712768555,22.21988296508789
2018-12-17,20.786582946777344,29.45671844482422,21.815492630004883
2018-12-18,20.708641052246094,29.689760208129883,21.300168991088867
2018-12-19,20.44879913330078,29.102500915527344,21.049665451049805
2018-12-20,20.26692008972168,28.58047103881836,20.46634292602539
2018-12-21,19.861675262451172,27.712127685546875,20.267677307128906
2018-12-24,19.443342208862305,26.972518920898438,19.447721481323242
2018-12-26,20.323564529418945,28.601543426513672,20.657785415649414
2018-12-27,20.56759262084961,28.807506561279297,20.766149520874023
2018-12-28,20.558874130249023,28.741973876953125,20.60721778869629
2018-12-31,20.75931739807129,29.013473510742188,20.715574264526367
2019-01-02,20.933624267578125,29.03220558166504,21.12375259399414
2019-01-03,20.463008880615234,27.567012786865234,20.914247512817383
2019-01-04,21.142789840698242,28.788782119750977,21.625835418701172
2019-01-07,21.168928146362305,29.046247482299805,21.94731330871582
2019-01-08,21.18636131286621,29.289663314819336,22.117084503173828
2019-01-09,21.290943145751953,29.66883087158203,22.46746253967285
2019-01-10,21.299654006958008,29.799903869628906,22.53247833251953
2019-01-11,21.35194206237793,29.743730545043945,22.398832321166992
2019-01-14,21.500104904174805,29.46754264831543,22.344650268554688
2019-01-15,21.691831588745117,29.912250518798828,22.424116134643555
2019-01-16,22.153732299804688,29.940332412719727,22.395221710205078
2019-01-17,22.27574920654297,30.132266998291016,22.60111427307129
2019-01-18,22.659210205078125,30.591007232666016,23.059856414794922
2019-01-22,22.39776039123535,30.076086044311523,22.557771682739258
2019-01-23,22.423900604248047,30.1790714263916,22.326589584350586
2019-01-24,22.476192474365234,30.431846618652344,22.445791244506836
2019-01-25,22.659210205078125,30.86251449584961,22.73115348815918
2019-01-28,22.589487075805664,30.450580596923828,22.50358009338379
2019-01-29,22.51105499267578,30.122901916503906,22.572216033935547
2019-01-30,22.641780853271484,31.05912208557129,22.890079498291016
2019-01-31,22.60692024230957,31.026348114013672,23.038179397583008
2019-02-01,22.70278549194336,31.208913803100586,23.439123153686523
2019-02-04,22.798648834228516,31.709794998168945,23.493310928344727
2019-02-05,22.73764419555664,31.976612091064453,23.529430389404297
2019-02-06,22.711502075195312,32.08428192138672,23.356048583984375
2019-02-07,22.484905242919922,31.644245147705078,22.839509963989258
2019-02-08,22.371614456176758,31.826805114746094,22.734760284423828
2019-02-11,22.44133186340332,31.812776565551758,22.843124389648438
2019-02-12,22.77250099182129,32.234073638916016,23.132091522216797
2019-02-13,22.83350944519043,32.27621078491211,23.421064376831055
2019-02-14,22.55463409423828,32.3323860168457,23.5041446685791
2019-02-15,23.03395652770996,32.58983612060547,23.8834171295166
2019-02-19,23.068819046020508,32.59919357299805,23.955659866333008
2019-02-20,23.216976165771484,32.63665008544922,24.056798934936523
2019-02-21,23.09496307373047,32.65068435668945,23.684749603271484
2019-02-22,23.060104370117188,33.06731414794922,23.753379821777344
2019-02-25,23.155963897705078,33.226463317871094,23.793113708496094
2019-02-26,23.08625030517578,33.29668426513672,23.717262268066406
2019-02-27,23.173398971557617,33.263916015625,23.807559967041016
2019-02-28,23.112390518188477,33.1702995300293,23.569162368774414
2019-03-01,23.260549545288086,33.39499282836914,24.002620697021484
2019-03-04,23.112390518188477,33.26860427856445,24.04596519470215
2019-03-05,23.025239944458008,33.1702995300293,23.966501235961914
2019-03-06,22.877084732055664,32.99710464477539,23.663082122802734
2019-03-07,22.641780853271484,32.683467864990234,23.522207260131836
2019-03-08,22.633068084716797,32.67878341674805,23.081531524658203
2019-03-11,22.868370056152344,33.380950927734375,23.4427433013916
2019-03-12,22.920665740966797,33.577552795410156,23.59444808959961
2019-03-13,23.077533721923828,33.79755783081055,23.83284568786621
2019-03-14,23.16468620300293,33.86777877807617,23.858129501342773
2019-03-15,23.326738357543945,34.27776336669922,23.84867286682129
2019-03-18,23.563249588012695,34.42333984375,24.179950714111328
2019-03-19,23.379295349121094,34.49379348754883,24.114421844482422
2019-03-20,22.897523880004883,34.399864196777344,24.325571060180664
2019-03-21,22.827442169189453,35.263973236083984,24.496665954589844
2019-03-22,22.19675064086914,34.432743072509766,23.834110260009766
2019-03-25,22.10039710998535,34.28246307373047,23.845029830932617
2019-03-26,22.363182067871094,34.470306396484375,24.187232971191406
2019-03-27,22.266822814941406,34.27306365966797,24.016128540039062
2019-03-28,22.459543228149414,34.4139518737793,24.107145309448242
2019-03-29,22.520851135253906,34.7520751953125,24.070735931396484
2019-04-01,23.07271385192871,35.226402282714844,24.38745880126953
2019-04-02,23.05518913269043,35.3484992980957,24.219993591308594
2019-04-03,23.12526512145996,35.63496017456055,23.98700523376465
2019-04-04,23.265417098999023,35.48468780517578,24.187232971191406
2019-04-05,23.300457000732422,35.65374755859375,24.61316680908203
2019-04-08,23.326738357543945,35.789939880371094,24.722379684448242
2019-04-09,23.1340274810791,35.62088394165039,24.420225143432617
2019-04-10,23.204099655151367,35.86977767944336,24.51123046875
2019-04-11,23.344257354736328,35.82282257080078,24.52943229675293
2019-04-12,23.77347755432129,36.07171630859375,24.594968795776367
2019-04-15,23.624561309814453,36.05763244628906,24.449344635009766
2019-04-16,23.957427978515625,36.24078369140625,24.60952377319336
2019-04-17,24.018747329711914,36.44272232055664,24.57676124572754
2019-04-18,23.94866943359375,36.546043395996094,24.46026611328125
2019-04-22,23.87859344482422,36.63057327270508,24.977210998535156
2019-04-23,24.027498245239258,37.02975845336914,24.937171936035156
2019-04-24,24.001220703125,37.04384231567383,24.50031280517578
2019-04-25,24.045021057128906,37.034446716308594,24.42386245727539
2019-04-26,24.26401138305664,36.893558502197266,24.107145309448242
2019-04-29,24.509273529052734,36.902957916259766,24.08530044555664
2019-04-30,24.544313430786133,36.96400451660156,24.067100524902344
2019-05-01,24.342844009399414,36.870079040527344,23.586551666259766
2019-05-02,24.369125366210938,36.67753219604492,23.175188064575195
2019-05-03,24.58811378479004,37.02505111694336,23.389976501464844
2019-05-06,24.421680450439453,36.738582611083984,23.411813735961914
2019-05-07,24.018747329711914,35.949623107910156,23.207944869995117
2019-05-08,23.966182708740234,35.907352447509766,23.207944869995117
2019-05-09,23.913625717163086,35.663150787353516,23.207944869995117
2019-05-10,24.071298599243164,35.77585220336914,23.317161560058594
2019-05-13,23.370534896850586,34.42803955078125,22.916706085205078
2019-05-14,23.554489135742188,34.982200622558594,23.19702911376953
2019-05-15,23.466890335083008,35.36259078979492,23.317161560058594
2019-05-16,23.703401565551758,35.68662643432617,23.44457244873047
2019-05-17,23.54572105407715,35.40016555786133,23.207944869995117
2019-05-20,23.572002410888672,34.78495788574219,23.218868255615234
2019-05-21,23.81727409362793,35.21230697631836,23.48826026916504
2019-05-22,23.6771183013916,35.02915954589844,23.124216079711914
2019-05-23,23.344257354736328,34.4139518737793,22.348800659179688
2019-05-24,23.528207778930664,34.42333984375,22.432527542114258
2019-05-28,23.256656646728516,34.3247184753418,22.199541091918945
2019-05-29,23.212860107421875,34.1227912902832,22.05756187438965
2019-05-30,23.1340274810791,34.3341178894043,21.777246475219727
2019-05-31,22.78364372253418,33.76118087768555,21.39499282836914
2019-06-03,22.93255615234375,33.16944885253906,21.668031692504883
2019-06-04,23.554489135742188,34.27776336669922,22.043001174926758
2019-06-05,23.703401565551758,34.723899841308594,21.799087524414062
2019-06-06,23.790987014770508,35.12778091430664,22.203174591064453
2019-06-07,23.755958557128906,35.780555725097656,22.305105209350586
2019-06-10,23.957427978515625,36.1468620300293,22.370641708374023
2019-06-11,23.966182708740234,36.1468620300293,22.41432762145996
2019-06-12,23.72967529296875,35.944923400878906,22.097606658935547
2019-06-13,23.808515548706055,36.05292892456055,22.3560791015625
2019-06-14,23.861074447631836,35.738277435302734,22.210460662841797
2019-06-17,23.64207649230957,35.76647186279297,22.3961238861084
2019-06-18,23.957427978515625,36.41454315185547,22.705562591552734
2019-06-19,23.913625717163086,36.546043395996094,22.680076599121094
2019-06-20,24.018747329711914,37.08141326904297,23.18246078491211
2019-06-21,23.965036392211914,36.90609359741211,23.34998893737793
2019-06-24,23.868196487426758,36.976783752441406,23.14058494567871
2019-06-25,23.788955688476562,36.29813003540039,22.956897735595703
2019-06-26,23.744930267333984,36.689292907714844,23.309574127197266
2019-06-27,23.956233978271484,36.78356170654297,23.136911392211914
2019-06-28,24.299598693847656,36.77885437011719,23.40508460998535
2019-07-01,24.59013557434082,37.36323165893555,23.42713165283203
2019-07-02,24.52851104736328,37.462196350097656,23.052413940429688
2019-07-03,24.722198486328125,37.74969482421875,23.144256591796875
2019-07-05,24.792634963989258,37.678985595703125,23.177318572998047
2019-07-08,24.66937255859375,37.39150619506836,23.210386276245117
2019-07-09,24.713394165039062,37.523468017578125,23.228750228881836
2019-07-10,24.625354766845703,37.82038497924805,23.52631950378418
2019-07-11,24.766216278076172,37.961769104003906,23.574077606201172
2019-07-12,24.933502197265625,38.23981857299805,23.673267364501953
2019-07-15,24.792634963989258,38.36705780029297,23.4601993560791
2019-07-16,24.731000900268555,38.00889205932617,23.210386276245117
2019-07-17,24.519704818725586,37.90992736816406,22.945877075195312
2019-07-18,24.7045841217041,38.19268035888672,22.949552536010742
2019-07-19,24.59894371032715,38.02774429321289,23.056089401245117
2019-07-22,24.65176773071289,38.46604919433594,23.16262435913086
2019-07-23,24.907089233398438,38.67811584472656,23.225080490112305
2019-07-24,25.16240882873535,38.99858856201172,23.32427215576172
2019-07-25,24.986324310302734,38.838348388671875,23.05976676940918
2019-07-26,25.259258270263672,38.923179626464844,22.942211151123047
2019-07-29,25.06556510925293,38.89961624145508,22.850360870361328
2019-07-30,24.99513816833496,38.64984130859375,23.107519149780273
2019-07-31,24.871871948242188,38.06544494628906,23.034046173095703
2019-08-01,24.308408737182617,37.87221908569336,22.51238250732422
2019-08-02,24.299598693847656,37.254852294921875,22.189096450805664
2019-08-05,23.48961067199707,35.699615478515625,21.527833938598633
2019-08-06,23.868196487426758,36.29343032836914,21.502119064331055
2019-08-07,23.551237106323242,36.51963806152344,21.340473175048828
2019-08-08,24.00025749206543,37.41508865356445,21.9539794921875
2019-08-09,23.92101287841797,36.990928649902344,21.711517333984375
2019-08-12,23.463197708129883,36.50550842285156,21.454357147216797
2019-08-13,23.75373649597168,37.41979217529297,21.652740478515625
2019-08-14,22.873315811157227,36.26986312866211,20.804113388061523
2019-08-15,22.98777198791504,36.20388412475586,20.675533294677734
2019-08-16,23.392759323120117,36.89196014404297,20.947389602661133
2019-08-19,23.630477905273438,37.452789306640625,21.4102725982666
2019-08-20,23.31352996826172,37.26426315307617,21.230266571044922
2019-08-21,23.419174194335938,37.70256423950195,21.36618995666504
2019-08-22,23.57765007019043,37.61300277709961,21.270673751831055
2019-08-23,22.97896957397461,36.36882019042969,20.5579776763916
2019-08-26,23.199073791503906,36.87309265136719,20.646146774291992
2019-08-27,23.058208465576172,36.81655502319336,20.517566680908203
2019-08-28,23.26950454711914,36.84953689575195,20.811464309692383
2019-08-29,23.621673583984375,37.490474700927734,21.116378784179688
2019-08-30,23.700912475585938,37.481056213378906,21.116378784179688
2019-09-03,23.454395294189453,37.023902893066406,21.013519287109375
2019-09-04,23.683303833007812,37.65542984008789,21.307411193847656
2019-09-05,24.16753387451172,38.442466735839844,21.571914672851562
2019-09-06,24.15872573852539,38.40948486328125,21.68579864501953
2019-09-09,24.52851104736328,38.122005462646484,22.11929702758789
2019-09-10,24.616546630859375,37.92877197265625,22.380126953125
2019-09-11,24.757415771484375,38.324649810791016,22.40217399597168
2019-09-12,24.889480590820312,38.53200912475586,22.262571334838867
2019-09-13,25.083171844482422,38.24925231933594,22.43890953063965
2019-09-16,24.99513816833496,38.154991149902344,23.192018508911133
2019-09-17,25.021535873413086,38.310516357421875,22.86873435974121
2019-09-18,25.10958480834961,38.30580520629883,22.75851821899414
2019-09-19,24.99513816833496,38.390628814697266,22.699737548828125
2019-09-20,24.848234176635742,37.942928314208984,22.718276977539062
2019-09-23,24.892480850219727,38.06111145019531,22.725688934326172
2019-09-24,24.65355682373047,37.6923828125,22.366086959838867
2019-09-25,24.857078552246094,38.1414909362793,22.403154373168945
2019-09-26,24.742048263549805,38.18403625488281,22.11028480529785
2019-09-27,24.839384078979492,37.6734619140625,22.1065731048584
2019-09-30,24.777442932128906,38.070579528808594,21.947160720825195
2019-10-01,24.25534439086914,37.71602249145508,21.439260482788086
2019-10-02,23.759801864624023,37.00689697265625,20.912830352783203
2019-10-03,23.857135772705078,37.460731506347656,21.13897132873535
2019-10-04,24.299592971801758,38.08003616333008,21.272436141967773
2019-10-07,24.175708770751953,37.91929244995117,21.083364486694336
2019-10-08,23.697851181030273,37.224342346191406,20.7237548828125
2019-10-09,23.919084548950195,37.777469635009766,20.912830352783203
2019-10-10,24.166852951049805,38.037479400634766,21.176042556762695
2019-10-11,24.46772575378418,38.562225341796875,21.461502075195312
2019-10-14,24.50311851501465,38.53860092163086,21.450387954711914
2019-10-15,24.857078552246094,38.964073181152344,21.539356231689453
2019-10-16,24.79513931274414,38.694610595703125,21.23906898498535
2019-10-17,24.81284523010254,38.61896896362305,21.253902435302734
2019-10-18,24.874784469604492,38.25023651123047,21.14267921447754
2019-10-21,25.21990203857422,38.6615104675293,21.52082633972168
2019-10-22,25.149105072021484,38.1414909362793,21.79886817932129
2019-10-23,25.255290985107422,38.174583435058594,21.98052406311035
2019-10-24,25.21990203857422,38.73243713378906,21.88784408569336
2019-10-25,25.343786239624023,39.20045471191406,22.065792083740234
2019-10-28,25.476524353027344,39.69685363769531,21.939746856689453
2019-10-29,25.53845977783203,39.33754348754883,22.02872085571289
2019-10-30,25.520771026611328,39.578651428222656,21.58013916015625
2019-10-31,25.396879196166992,39.55501937866211,21.487457275390625
2019-11-01,25.76854133605957,40.027767181396484,21.976821899414062
2019-11-04,25.98976707458496,40.235782623291016,22.692325592041016
2019-11-05,26.08710479736328,40.188499450683594,22.721988677978516
2019-11-06,26.2198429107666,40.16959762573242,22.258573532104492
2019-11-07,26.41452407836914,40.486328125,22.592222213745117
2019-11-08,26.405675888061523,40.71324920654297,22.499547958374023
2019-11-11,26.334884643554688,40.73215866088867,22.373498916625977
2019-11-12,26.370277404785156,40.8692512512207,22.258573532104492
2019-11-13,26.2021484375,40.95907974243164,22.162179946899414
2019-11-14,26.255237579345703,40.91179656982422,22.102863311767578
2019-11-15,26.326032638549805,41.242733001708984,22.273406982421875
2019-11-18,26.37912368774414,41.36565399169922,22.002771377563477
2019-11-19,26.43222427368164,41.44601058959961,21.676530838012695
2019-11-20,26.308332443237305,41.195438385009766,21.895261764526367
2019-11-21,26.28179168701172,40.987449645996094,22.254865646362305
2019-11-22,26.476465225219727,40.935455322265625,22.180721282958984
2019-11-25,26.644603729248047,41.53111267089844,22.202964782714844
2019-11-26,26.61805534362793,41.56892776489258,21.99906349182129
2019-11-27,26.7242431640625,41.80057144165039,22.054672241210938
2019-11-29,26.679996490478516,41.67765808105469,21.832233428955078
2019-12-02,26.51186180114746,41.08199691772461,21.832233428955078
2019-12-03,26.14020347595215,40.717979431152344,21.505992889404297
2019-12-04,26.387971878051758,40.88344192504883,21.828529357910156
2019-12-05,26.51186180114746,41.03472900390625,21.72472381591797
2019-12-06,26.865833282470703,41.488563537597656,22.13994026184082
2019-12-09,26.803884506225586,41.27110290527344,22.113990783691406
2019-12-10,26.812728881835938,41.304203033447266,22.15848159790039
2019-12-11,26.75078773498535,41.583106994628906,22.121402740478516
2019-12-12,27.272886276245117,42.02750015258789,22.529205322265625
2019-12-13,27.1755428314209,42.306419372558594,22.35866928100586
2019-12-16,27.272886276245117,42.68461990356445,22.65896224975586
2019-12-17,27.379070281982422,42.585350036621094,22.673791885375977
2019-12-18,27.2640323638916,42.58061218261719,22.759057998657227
2019-12-19,27.25518798828125,42.887901306152344,22.75164222717285
2019-12-20,27.28721046447754,43.13690948486328,22.969886779785156
2019-12-23,27.22494888305664,43.26021957397461,23.205726623535156
2019-12-24,27.28721046447754,43.27445983886719,23.19449234008789
2019-12-26,27.43840789794922,43.59697341918945,23.18700408935547
2019-12-27,27.367258071899414,43.59223556518555,23.089677810668945
2019-12-30,27.28721046447754,43.340850830078125,23.016813278198242
2019-12-31,27.376148223876953,43.4784049987793,23.147891998291016
2020-01-02,27.642976760864258,44.294185638427734,23.356082916259766
2020-01-03,27.349462509155273,43.79617691040039,23.28668785095215
2020-01-06,27.33167266845703,43.90052032470703,23.4678955078125
2020-01-07,27.153797149658203,43.88154220581055,23.406206130981445
2020-01-08,27.33167266845703,44.35110092163086,23.02066421508789
2020-01-09,27.500669479370117,44.85384750366211,23.1903018951416
2020-01-10,27.296106338500977,44.74949645996094,23.059221267700195
2020-01-13,27.48287582397461,45.30916976928711,23.066932678222656
2020-01-14,27.42951202392578,45.095741271972656,23.070785522460938
2020-01-15,27.278310775756836,45.14790725708008,22.901145935058594
2020-01-16,27.518449783325195,45.755001068115234,22.93970489501953
2020-01-17,27.598499298095703,46.063289642333984,22.793195724487305
2020-01-21,27.367258071899414,46.044315338134766,22.384521484375
2020-01-22,27.447298049926758,46.210323333740234,22.168622970581055
2020-01-23,27.376148223876953,46.42850112915039,22.083797454833984
2020-01-24,27.029272079467773,46.210323333740234,21.829341888427734
2020-01-27,26.611249923706055,45.10996627807617,21.224040985107422
2020-01-28,26.92254638671875,45.973167419433594,21.320432662963867
2020-01-29,26.878074645996094,46.09175109863281,21.09681510925293
2020-01-30,27.21605682373047,46.49015808105469,21.26645278930664
2020-01-31,26.646827697753906,45.21430969238281,20.603322982788086
2020-02-03,26.833608627319336,45.81190872192383,20.333438873291016
2020-02-04,27.091533660888672,47.01187515258789,20.406692504882812
2020-02-05,27.634075164794922,47.28696823120117,21.173921585083008
2020-02-06,27.598499298095703,47.718570709228516,20.958019256591797
2020-02-07,27.500669479370117,47.2822265625,20.811511993408203
2020-02-10,27.580707550048828,47.922523498535156,20.707422256469727
2020-02-11,27.678546905517578,47.761260986328125,20.93874168395996
2020-02-12,27.696332931518555,48.27825164794922,21.22018814086914
2020-02-13,27.68744659423828,48.15018844604492,21.154645919799805
2020-02-14,27.7230167388916,48.3588752746582,21.042837142944336
2020-02-18,27.48287582397461,48.17863845825195,20.869346618652344
2020-02-19,27.68744659423828,48.75253677368164,21.14693260192871
2020-02-20,27.634075164794922,48.24504852294922,21.123804092407227
2020-02-21,27.367258071899414,47.163658142089844,20.873201370239258
2020-02-24,26.47783660888672,45.21430969238281,19.909345626831055
2020-02-25,25.57953643798828,43.76770782470703,19.030311584472656
2020-02-26,25.392757415771484,43.96691131591797,18.455860137939453
2020-02-27,24.30767059326172,41.595458984375,17.468870162963867
2020-02-28,23.649511337280273,41.91322708129883,17.453447341918945
2020-03-02,24.85910987854004,44.33687210083008,18.158992767333984
2020-03-03,23.92522430419922,42.65313720703125,17.60381317138672
2020-03-04,24.716806411743164,44.483890533447266,18.020198822021484
2020-03-05,23.524986267089844,43.07999801635742,17.360919952392578
2020-03-06,22.724510192871094,42.16935729980469,16.385501861572266
2020-03-09,20.287521362304688,38.96788024902344,13.085268020629883
2020-03-10,21.479341506958008,41.5670051574707,13.7059907913208
2020-03-11,20.314207077026367,39.60343551635742,12.981171607971191
2020-03-12,18.117353439331055,35.737937927246094,11.361898422241211
2020-03-13,20.500980377197266,39.93069076538086,12.41057014465332
2020-03-16,17.690431594848633,34.414669036865234,10.721899032592773
2020-03-17,18.650999069213867,36.75766372680664,10.795154571533203
2020-03-18,17.06784439086914,35.37274169921875,9.245277404785156
2020-03-19,17.4414005279541,35.50079345703125,9.873710632324219
2020-03-20,16.818809509277344,33.873966217041016,9.97009563446045
2020-03-23,15.840229034423828,33.56456756591797,9.290547370910645
2020-03-24,17.8045597076416,37.00204849243164,10.78050708770752
2020-03-25,18.28891944885254,36.954383850097656,11.288981437683105
2020-03-26,19.437023162841797,39.24287796020508,11.978776931762695
2020-03-27,18.845027923583984,37.46928787231445,11.166790008544922
2020-03-30,19.203811645507812,39.047393798828125,11.281099319458008
2020-03-31,18.674612045288086,38.31794738769531,11.454530715942383
2020-04-01,17.535476684570312,36.491905212402344,10.886931419372559
2020-04-02,17.974987030029297,37.3453369140625,11.884177207946777
2020-04-03,17.61620330810547,36.768436431884766,11.75804328918457
2020-04-06,18.880908966064453,39.90557861328125,12.380827903747559
2020-04-07,19.069272994995117,39.548004150390625,12.64492130279541
2020-04-08,19.903440475463867,40.611183166503906,13.488442420959473
2020-04-09,20.97081756591797,40.620731353759766,13.366249084472656
2020-04-13,20.208404541015625,40.711326599121094,13.322892189025879
2020-04-14,20.298099517822266,42.41815185546875,13.259825706481934
2020-04-15,19.41908073425293,41.49322509765625,12.63703727722168
2020-04-16,19.07823944091797,41.99859619140625,12.097028732299805
2020-04-17,20.082826614379883,42.556419372558594,13.382018089294434
2020-04-20,19.733013153076172,41.874637603759766,12.964195251464844
2020-04-21,19.096176147460938,40.12012481689453,12.73558235168457
2020-04-22,19.302480697631836,41.664852142333984,13.188871383666992
2020-04-23,19.221752166748047,41.37879943847656,13.61457633972168
2020-04-24,19.499807357788086,42.25605392456055,13.646108627319336
2020-04-27,20.163551330566406,42.61840057373047,13.94173526763916
2020-04-28,20.378828048706055,42.0510368347168,14.261007308959961
2020-04-29,20.97081756591797,43.776947021484375,15.31738567352295
2020-04-30,20.441617965698242,43.58146667480469,14.978400230407715
2020-05-01,19.786832809448242,42.38478088378906,14.130931854248047
2020-05-04,19.607446670532227,42.94737243652344,14.619705200195312
2020-05-05,19.544660568237305,43.53855895996094,14.631531715393066
2020-05-06,19.123083114624023,43.87705993652344,14.249185562133789
2020-05-07,19.571561813354492,44.53501510620117,14.619705200195312
2020-05-08,19.993135452270508,45.18818664550781,15.285848617553711
2020-05-11,19.607446670532227,45.48855209350586,15.017815589904785
2020-05-12,19.096176147460938,44.549312591552734,14.753726959228516
2020-05-13,18.531095504760742,43.781715393066406,14.083638191223145
2020-05-14,19.006484985351562,44.339534759521484,14.241300582885742
2020-05-15,18.880908966064453,44.5636100769043,14.18612003326416
2020-05-18,19.849620819091797,45.65541076660156,15.344978332519531
2020-05-19,19.365262985229492,45.48855209350586,14.915331840515137
2020-05-20,19.795806884765625,46.4849853515625,15.510522842407227
2020-05-21,19.733013153076172,45.83660125732422,15.262203216552734
2020-05-22,19.66126251220703,46.00347137451172,15.167596817016602
2020-05-26,20.683792114257812,45.955787658691406,15.589360237121582
2020-05-27,21.58074378967285,46.21799850463867,15.790386199951172
2020-05-28,21.23990249633789,46.127418518066406,15.348917007446289
2020-05-29,20.997724533081055,46.70907211303711,15.27796459197998
2020-06-01,21.23990249633789,46.69478225708008,15.545999526977539
2020-06-02,21.410324096679688,47.13340759277344,15.97958755493164
2020-06-03,22.20861053466797,47.50051498413086,16.448650360107422
2020-06-04,22.692968368530273,47.10956954956055,16.452590942382812
2020-06-05,23.536108016967773,48.34915542602539,17.674509048461914
2020-06-08,23.984586715698242,48.59231948852539,18.470735549926758
2020-06-09,23.473316192626953,48.8211555480957,17.77699089050293
2020-06-10,22.594301223754883,49.636444091796875,16.901941299438477
2020-06-11,20.746572494506836,46.79013442993164,15.309499740600586
2020-06-12,21.37443733215332,47.395626068115234,15.695783615112305
2020-06-15,21.670446395874023,47.85334014892578,15.743081092834473
2020-06-16,22.011289596557617,48.87360382080078,16.196378707885742
2020-06-17,21.67940902709961,48.86408615112305,15.644543647766113
2020-06-18,21.652507781982422,49.08339309692383,15.83768367767334
2020-06-19,21.50898551940918,48.74488067626953,15.597243309020996
2020-06-22,21.402477264404297,49.66327667236328,15.669496536254883
2020-06-23,21.501771926879883,50.02184295654297,15.685469627380371
2020-06-24,20.74351692199707,48.89356231689453,14.815164566040039
2020-06-25,21.29415512084961,49.51985168457031,15.098616600036621
2020-06-26,20.382448196411133,48.54456329345703,14.575630187988281
2020-06-29,20.608118057250977,49.075233459472656,14.771251678466797
2020-06-30,20.887948989868164,49.95490264892578,15.110584259033203
2020-07-01,20.70741081237793,50.03618240356445,14.743306159973145
2020-07-02,20.734493255615234,50.32781982421875,14.906986236572266
2020-07-06,21.131668090820312,51.20748519897461,14.95090103149414
2020-07-07,20.698387145996094,50.67202377319336,14.475828170776367
2020-07-08,20.915035247802734,51.499122619628906,14.463851928710938
2020-07-09,20.47271728515625,51.685569763183594,13.749238967895508
2020-07-10,21.176801681518555,51.67123031616211,14.188383102416992
2020-07-13,21.267065048217773,50.60031509399414,14.112533569335938
2020-07-14,21.37539291381836,51.1835823059082,14.60757064819336
2020-07-15,21.799650192260742,51.460872650146484,14.922954559326172
2020-07-16,21.799650192260742,50.825016021728516,14.855090141296387
2020-07-17,21.619117736816406,51.073631286621094,14.647489547729492
2020-07-20,21.51982307434082,52.378787994384766,14.40396499633789
2020-07-21,21.944080352783203,51.852901458740234,15.27426815032959
2020-07-22,21.944080352783203,52.26882553100586,15.086636543273926
2020-07-23,21.962133407592773,50.91107940673828,15.058693885803223
2020-07-24,21.907970428466797,50.29434585571289,14.974851608276367
2020-07-27,21.72743797302246,51.08797073364258,14.990824699401855
2020-07-28,21.673276901245117,50.4903564453125,14.735321044921875
2020-07-29,22.079479217529297,51.221839904785156,15.042720794677734
2020-07-30,21.68230628967285,51.50868606567383,14.451871871948242
2020-07-31,21.691329956054688,52.794734954833984,14.38400650024414
2020-08-03,21.7545166015625,54.09511184692383,14.435903549194336
2020-08-04,21.664257049560547,54.233741760253906,14.787219047546387
2020-08-05,21.962133407592773,54.43455123901367,14.942919731140137
2020-08-06,21.953102111816406,55.19948196411133,14.823151588439941
2020-08-07,22.422494888305664,54.377193450927734,14.843111038208008
2020-08-10,22.584978103637695,54.22419357299805,15.302215576171875
2020-08-11,22.846750259399414,53.248897552490234,15.250317573547363
2020-08-12,22.783565521240234,54.45845031738281,15.402027130126953
2020-08-13,22.63913917541504,54.48236083984375,15.10260009765625
2020-08-14,22.729408264160156,54.4441032409668,15.246323585510254
2020-08-17,22.35028076171875,54.807456970214844,15.158493995666504
2020-08-18,22.205856323242188,55.013031005859375,14.966867446899414
2020-08-19,22.196826934814453,54.946102142333984,14.795205116271973
2020-08-20,21.989213943481445,55.67756271362305,14.475828170776367
2020-08-21,21.944080352783203,56.3851318359375,14.38400650024414
2020-08-24,22.467636108398438,56.872772216796875,14.779236793518066
2020-08-25,22.53081703186035,57.15961837768555,14.571639060974121
2020-08-26,22.422494888305664,58.32136154174805,14.264239311218262
2020-08-27,22.80162239074707,58.369171142578125,14.292183876037598
2020-08-28,22.89189338684082,58.88072204589844,14.547686576843262
2020-08-31,22.62108612060547,59.06717300415039,14.2322998046875
2020-09-01,22.684274673461914,60.19545364379883,14.136487007141113
2020-09-02,23.009239196777344,60.73090744018555,14.06861686706543
2020-09-03,22.65719223022461,57.26958465576172,13.964818954467773
2020-09-04,22.828699111938477,56.471187591552734,13.920905113220215
2020-09-08,22.24196434020996,53.91822814941406,13.41389274597168
2020-09-09,22.467636108398438,55.67756271362305,13.505715370178223
2020-09-10,22.15169906616211,54.42020797729492,13.010679244995117
2020-09-11,22.305150985717773,54.0042724609375,13.022652626037598
2020-09-14,22.612064361572266,55.137332916259766,13.122458457946777
2020-09-15,22.305150985717773,55.682350158691406,13.026644706726074
2020-09-16,22.55790138244629,54.82180404663086,13.549627304077148
2020-09-17,22.32320213317871,54.367610931396484,13.56959056854248
2020-09-18,22.2780704498291,53.430580139160156,13.417885780334473
2020-09-21,21.719873428344727,53.87474822998047,12.973136901855469
2020-09-22,21.53834342956543,54.727603912353516,12.839225769042969
2020-09-23,21.057292938232422,53.02186584472656,12.258944511413574
2020-09-24,21.102672576904297,53.31892776489258,12.254886627197266
2020-09-25,21.320505142211914,54.59345245361328,12.246770858764648
2020-09-28,21.82878875732422,55.63798904418945,12.534883499145508
2020-09-29,21.556495666503906,55.451114654541016,12.189960479736328
2020-09-30,21.846942901611328,55.915889739990234,12.15343952178955
2020-10-01,21.883243560791016,56.5052375793457,11.780111312866211
2020-10-02,22.05569839477539,55.072593688964844,11.893733978271484
2020-10-05,22.418752670288086,56.2800407409668,12.250829696655273
2020-10-06,22.191844940185547,55.40799331665039,12.068224906921387
2020-10-07,22.56397819519043,56.42378234863281,12.238656997680664
2020-10-08,22.872577667236328,56.71604919433594,12.697197914123535
2020-10-09,22.89980697631836,57.58328628540039,12.494304656982422
2020-10-12,23.15394401550293,59.15488052368164,12.526765823364258
2020-10-13,22.70920181274414,58.7763557434082,12.331987380981445
2020-10-14,22.491365432739258,58.46492385864258,12.384742736816406
2020-10-15,22.663818359375,58.20138931274414,12.534883499145508
2020-10-16,22.681970596313477,58.03370666503906,12.250829696655273
2020-10-19,22.337064743041992,56.97000503540039,11.991122245788574
2020-10-20,22.51859474182129,57.166446685791016,12.133151054382324
2020-10-21,22.40060043334961,57.0802001953125,11.901848793029785
2020-10-22,22.84534454345703,56.81188201904297,12.39285659790039
2020-10-23,22.917957305908203,56.74958419799805,12.331987380981445
2020-10-26,22.40060043334961,55.51819610595703,11.889676094055176
2020-10-27,21.992158889770508,55.79610061645508,11.735474586486816
2020-10-28,21.429426193237305,53.429134368896484,11.244467735290527
2020-10-29,21.592798233032227,54.320335388183594,11.589390754699707
2020-10-30,21.656339645385742,53.11770248413086,11.654317855834961
2020-11-02,22.064775466918945,53.25184631347656,12.05199146270752
2020-11-03,22.554901123046875,54.19097137451172,11.98300838470459
2020-11-04,22.291683197021484,56.29920196533203,11.99924087524414
2020-11-05,22.83626937866211,58.048065185546875,11.99924087524414
2020-11-06,22.654739379882812,58.25410079956055,11.739533424377441
2020-11-09,24.515409469604492,57.832462310791016,13.415450096130371
2020-11-10,24.642473220825195,56.75437927246094,13.849647521972656
2020-11-11,24.54263687133789,58.100772857666016,13.707620620727539
2020-11-12,24.134201049804688,57.58328628540039,13.265305519104004
2020-11-13,24.533559799194336,58.07201385498047,13.748198509216309
2020-11-16,25.07814598083496,58.63261795043945,14.653108596801758
2020-11-17,25.041839599609375,58.30680465698242,14.803254127502441
2020-11-18,24.80585289001465,57.68392562866211,14.37311840057373
2020-11-19,24.88753890991211,58.14868927001953,14.608474731445312
2020-11-20,24.669702529907227,57.54975891113281,14.531371116638184
2020-11-23,25.132606506347656,57.535377502441406,15.558026313781738
2020-11-24,26.01301383972168,58.33555221557617,16.35743522644043
2020-11-25,25.922252655029297,58.46013259887695,15.97598934173584
2020-11-27,25.840560913085938,58.771568298339844,15.789327621459961
2020-11-30,25.3050537109375,59.16447448730469,14.916874885559082
2020-12-01,25.695341110229492,59.9215087890625,14.985861778259277
2020-12-02,25.97671127319336,59.830474853515625,15.472809791564941
2020-12-03,25.98578453063965,59.792144775390625,15.635128021240234
2020-12-04,26.3034610748291,60.39107894897461,16.487287521362305
2020-12-07,26.121931076049805,60.563560485839844,16.101789474487305
2020-12-08,26.112850189208984,60.760005950927734,16.341201782226562
2020-12-09,26.04932403564453,59.59569549560547,16.377723693847656
2020-12-10,26.09469985961914,59.68194580078125,16.880905151367188
2020-12-11,25.831485748291016,59.55736541748047,16.686128616333008
2020-12-14,25.531963348388672,59.772987365722656,16.101789474487305
2020-12-15,25.967634201049805,60.76960372924805,16.418298721313477
2020-12-16,26.01301383972168,61.18165588378906,16.33714485168457
2020-12-17,26.08562469482422,61.66557693481445,16.260047912597656
2020-12-18,25.858713150024414,61.449981689453125,15.988164901733398
2020-12-21,26.207294464111328,61.51145553588867,15.679749488830566
2020-12-22,25.9517879486084,62.04452896118164,15.416570663452148
2020-12-23,26.38067054748535,61.573875427246094,15.757880210876465
2020-12-24,26.417177200317383,61.98210144042969,15.675636291503906
2020-12-28,26.54492950439453,62.68328094482422,15.576947212219238
2020-12-29,26.45367431640625,62.3855094909668,15.474142074584961
2020-12-30,26.572298049926758,62.35188293457031,15.71675968170166
2020-12-31,26.90080451965332,62.443145751953125,15.585172653198242
2021-01-04,26.535797119140625,61.42499542236328,15.609838485717773
2021-01-05,26.65442657470703,61.8236198425293,16.308910369873047
2021-01-06,27.83156394958496,60.75743865966797,16.806493759155273
2021-01-07,28.233074188232422,62.39509963989258,17.0532169342041
2021-01-08,28.214820861816406,62.798553466796875,17.03265953063965
2021-01-11,28.306072235107422,62.27985763549805,17.299951553344727
2021-01-12,28.598072052001953,61.98210144042969,17.90444564819336
2021-01-13,28.579816818237305,62.37591552734375,17.76462745666504
2021-01-14,28.70757484436035,61.828426361083984,18.290985107421875
2021-01-15,28.233074188232422,61.19447708129883,17.579578399658203
2021-01-19,28.306072235107422,61.991703033447266,17.9332275390625
2021-01-20,28.18744659423828,63.22115707397461,17.9990234375
2021-01-21,27.886314392089844,64.03760528564453,17.390419006347656
2021-01-22,27.685562133789062,63.79267501831055,17.299951553344727
2021-01-25,27.48480987548828,64.32575225830078,17.12312126159668
2021-01-26,27.26580047607422,64.36898040771484,16.75714111328125
2021-01-27,26.462799072265625,63.153934478759766,16.53097152709961
2021-01-28,26.955554962158203,63.41324996948242,16.7242431640625
2021-01-29,26.417177200317383,61.9196662902832,16.169095993041992
2021-02-01,26.763927459716797,63.47090530395508,16.28424072265625
2021-02-02,27.411813735961914,64.33056640625,16.4610652923584
2021-02-03,27.56693458557129,64.10965728759766,17.16425132751465
2021-02-04,28.178319931030273,65.13259887695312,17.353404998779297
2021-02-05,28.18744659423828,64.988525390625,17.50145149230957
2021-02-08,28.552446365356445,65.67047882080078,18.23341941833496
2021-02-09,28.561574935913086,65.5936508178711,18.040145874023438
2021-02-10,28.561574935913086,65.49758911132812,18.385562896728516
2021-02-11,28.470327377319336,66.21798706054688,18.10182762145996
2021-02-12,28.76232147216797,66.5589370727539,18.36911392211914
2021-02-16,29.255081176757812,66.34284973144531,18.82968521118164
2021-02-17,29.40108871459961,65.75691223144531,19.109310150146484
2021-02-18,29.227706909179688,65.43514251708984,18.67753028869629
2021-02-19,29.574460983276367,65.33911895751953,18.990055084228516
2021-02-22,29.84821319580078,63.89832305908203,19.648008346557617
2021-02-23,30.03071403503418,63.72061538696289,19.972867965698242
2021-02-24,30.614723205566406,64.69557189941406,20.680166244506836
2021-02-25,30.05809211730957,62.43354034423828,20.281282424926758
2021-02-26,29.483211517333984,62.76491928100586,19.800153732299805
2021-03-01,30.404844284057617,64.78681182861328,20.314178466796875
2021-03-02,30.295345306396484,63.75905227661133,20.20315170288086
2021-03-03,30.5325927734375,62.154991149902344,20.499223709106445
2021-03-04,30.18584442138672,60.78145980834961,20.98857879638672
2021-03-05,30.760717391967773,61.92926788330078,21.774011611938477
2021-03-08,31.153093338012695,60.430870056152344,21.81513023376465
2021-03-09,30.87023162841797,62.48636245727539,21.432689666748047
2021-03-10,31.49985694885254,62.23663330078125,21.975502014160156
2021-03-11,31.408607482910156,63.56695556640625,21.983728408813477
2021-03-12,31.727983474731445,63.110713958740234,22.028959274291992
2021-03-15,31.545486450195312,63.78307342529297,21.77811622619629
2021-03-16,31.21697425842285,64.26332092285156,21.15717887878418
2021-03-17,31.42685890197754,64.21049499511719,21.321664810180664
2021-03-18,31.591102600097656,62.428733825683594,20.363525390625
2021-03-19,31.22610855102539,62.241451263427734,20.36763572692871
2021-03-22,30.823740005493164,63.46531677246094,20.172313690185547
2021-03-23,30.392961502075195,63.07067108154297,19.877254486083984
2021-03-24,30.502948760986328,62.305458068847656,20.375951766967773
2021-03-25,31.016206741333008,62.26695251464844,20.450754165649414
2021-03-26,31.50198745727539,63.850311279296875,20.957763671875
2021-03-29,31.22701644897461,63.518245697021484,20.70841407775879
2021-03-30,31.446992874145508,62.91665267944336,20.529714584350586
2021-03-31,31.20868492126465,63.9177131652832,20.38841438293457
2021-04-01,31.593639373779297,65.20269775390625,20.907894134521484
2021-04-05,31.841114044189453,66.5502700805664,20.40920066833496
2021-04-06,31.77695083618164,66.2663345336914,20.35517120361328
2021-04-07,31.93276596069336,66.61764526367188,20.42581558227539
2021-04-08,31.941926956176758,67.58018493652344,20.159849166870117
2021-04-09,32.21690368652344,68.22991180419922,20.026865005493164
2021-04-12,32.35438537597656,67.90262603759766,19.868942260742188
2021-04-13,32.05192184448242,68.54273223876953,19.889720916748047
2021-04-14,32.24439239501953,67.81600952148438,20.442441940307617
2021-04-15,32.21690368652344,68.9806900024414,20.276214599609375
2021-04-16,32.446044921875,68.96625518798828,20.114131927490234
2021-04-19,32.35438537597656,68.3935317993164,20.09335708618164
2021-04-20,31.749452590942383,67.78714752197266,19.5614070892334
2021-04-21,32.18940734863281,68.47055053710938,19.81076431274414
2021-04-22,31.831939697265625,67.66681671142578,19.57803726196289
2021-04-23,32.427711486816406,68.67748260498047,19.756731033325195
2021-04-26,32.55602264404297,69.02881622314453,19.889720916748047
2021-04-27,32.812660217285156,68.8603744506836,20.130760192871094
2021-04-28,32.94095993041992,68.22026062011719,20.824777603149414
2021-04-29,33.52757263183594,68.16252136230469,21.0575008392334
2021-04-30,33.234275817871094,67.2336654663086,20.525558471679688
2021-05-03,33.39925765991211,67.04595947265625,21.090749740600586
2021-05-04,33.66505813598633,65.8427963256836,21.103219985961914
2021-05-05,33.94001770019531,65.6839828491211,21.784772872924805
2021-05-06,34.444122314453125,66.34330749511719,21.896976470947266
2021-05-07,34.627437591552734,66.91121673583984,22.287620544433594
2021-05-10,34.599945068359375,65.22196197509766,22.295936584472656
2021-05-11,33.98584747314453,65.02464294433594,21.72243309020996
2021-05-12,33.63756561279297,63.19580078125,21.826324462890625
2021-05-13,34.17833709716797,64.03321838378906,21.56035614013672
2021-05-14,34.719093322753906,65.44332122802734,22.22943878173828
2021-05-17,34.78325653076172,64.96207427978516,22.74476432800293
2021-05-18,34.297489166259766,64.44229125976562,22.21697998046875
2021-05-19,34.08666229248047,64.6684799194336,21.66425132751465
2021-05-20,34.1049919128418,65.90535736083984,21.63100814819336
2021-05-21,34.444122314453125,65.54440307617188,21.676721572875977
2021-05-24,34.60911178588867,66.70909881591797,21.892820358276367
2021-05-25,34.26082229614258,66.72831726074219,21.448148727416992
2021-05-26,34.36164093017578,66.72351837158203,21.63932228088379
2021-05-27,34.755760192871094,66.3721923828125,21.65593910217285
2021-05-28,34.819915771484375,66.60801696777344,21.69750213623047
2021-06-01,35.03072738647461,66.28074645996094,22.532814025878906
2021-06-02,35.085716247558594,66.73796081542969,22.95255470275879
2021-06-03,35.16820526123047,66.11713409423828,23.014892578125
2021-06-04,35.259857177734375,67.3876724243164,23.168657302856445
2021-06-07,35.03072738647461,67.37325286865234,23.068918228149414
2021-06-08,34.93906784057617,67.3780517578125,23.268394470214844
2021-06-09,34.60911178588867,67.4261703491211,23.122943878173828
2021-06-10,34.20581817626953,67.9218978881836,23.09385108947754
2021-06-11,34.425804138183594,68.32616424560547,23.014892578125
2021-06-14,34.068336486816406,69.01919555664062,22.91515350341797
2021-06-15,34.132503509521484,68.59567260742188,23.351516723632812
2021-06-16,34.09583282470703,68.22508239746094,23.226839065551758
2021-06-17,33.08763122558594,69.0143814086914,22.43723487854004
2021-06-18,32.290218353271484,68.38392639160156,21.772306442260742
2021-06-21,33.04385757446289,69.11681365966797,22.70012664794922
2021-06-22,33.09906768798828,69.74358367919922,22.85126495361328
2021-06-23,33.163482666015625,69.66643524169922,22.914236068725586
2021-06-24,33.57756423950195,70.1052017211914,23.111557006835938
2021-06-25,33.982444763183594,70.0232162475586,23.233308792114258
2021-06-28,33.73400115966797,70.75611877441406,22.44822883605957
2021-06-29,33.61436462402344,71.27201080322266,22.339073181152344
2021-06-30,33.7615966796875,71.19487762451172,22.61615753173828
2021-07-01,34.02845001220703,71.31541442871094,23.010799407958984
2021-07-02,33.99164962768555,72.25560760498047,22.960420608520508
2021-07-06,33.45793914794922,72.53041076660156,22.21312713623047
2021-07-07,33.503944396972656,72.92578887939453,21.852073669433594
2021-07-08,32.832210540771484,72.236328125,21.726123809814453
2021-07-09,33.779998779296875,72.90167999267578,22.18793296813965
2021-07-12,34.11127853393555,72.95956420898438,22.15435028076172
2021-07-13,33.74319076538086,73.25849151611328,21.986413955688477
2021-07-14,33.586769104003906,73.79850769042969,21.33148765563965
2021-07-15,33.69718551635742,73.19098663330078,21.033401489257812
2021-07-16,33.23710250854492,72.46775817871094,20.4372501373291
2021-07-19,32.30770492553711,71.46968841552734,19.715139389038086
2021-07-20,33.10826873779297,72.53041076660156,19.979637145996094
2021-07-21,33.67878723144531,73.22956085205078,20.676551818847656
2021-07-22,33.31071090698242,73.76956939697266,20.445646286010742
2021-07-23,33.365928649902344,74.50244140625,20.370079040527344
2021-07-26,33.55915832519531,74.46387481689453,20.873870849609375
2021-07-27,33.54995346069336,73.75994110107422,20.68074607849121
2021-07-28,33.503944396972656,73.6683120727539,20.86966896057129
2021-07-29,33.87202072143555,74.01065063476562,21.071186065673828
2021-07-30,33.605167388916016,73.96244049072266,20.735326766967773
2021-08-02,33.61436462402344,73.69725036621094,20.579992294311523
2021-08-03,33.99164962768555,74.16975402832031,20.932647705078125
2021-08-04,33.706390380859375,74.3192367553711,20.365882873535156
2021-08-05,34.148075103759766,74.72905731201172,20.596784591674805
2021-08-06,34.83821105957031,74.66637420654297,20.78570556640625
2021-08-09,34.93023681640625,74.42530822753906,20.49182891845703
2021-08-10,35.29831314086914,73.89012145996094,20.852880477905273
2021-08-11,35.70319366455078,73.89974212646484,21.016613006591797
2021-08-12,35.76761245727539,74.32404327392578,20.995620727539062
2021-08-13,35.50075912475586,74.72905731201172,20.7479248046875
2021-08-16,35.40873336791992,75.06658172607422,20.365882873535156
2021-08-17,35.1602783203125,74.44458770751953,20.155961990356445
2021-08-18,34.7277946472168,73.41758728027344,19.736135482788086
2021-08-19,34.47014236450195,74.13599395751953,19.22394371032715
2021-08-20,34.6817741394043,75.09070587158203,19.265926361083984
2021-08-23,34.96704864501953,76.05979919433594,19.988033294677734
2021-08-24,35.17868423461914,75.97301483154297,20.319698333740234
2021-08-25,35.592769622802734,75.92961120605469,20.475032806396484
2021-08-26,35.41794204711914,75.45230865478516,20.164358139038086
2021-08-27,35.887229919433594,76.18034362792969,20.70174217224121
2021-08-30,35.381134033203125,77.0000228881836,20.458236694335938
2021-08-31,35.33512496948242,76.59498596191406,20.319698333740234
2021-09-01,35.13267517089844,76.61427307128906,20.02161979675293
2021-09-02,35.25230026245117,76.53231811523438,20.529613494873047
2021-09-03,35.03145217895508,76.83607482910156,20.41206169128418
2021-09-07,34.81980895996094,76.8553466796875,20.290307998657227
2021-09-08,34.73699951171875,76.56124114990234,20.030017852783203
2021-09-09,34.83821105957031,76.27196502685547,20.071998596191406
2021-09-10,34.580562591552734,75.51981353759766,20.0636043548584
2021-09-13,34.97624206542969,75.54390716552734,20.63876724243164
2021-09-14,34.50695037841797,75.44747924804688,20.340688705444336
2021-09-15,34.83821105957031,76.10802459716797,21.10057830810547
2021-09-16,34.73699951171875,76.15142059326172,20.86127281188965
2021-09-17,34.580562591552734,74.96531677246094,20.705942153930664
2021-09-20,33.77837371826172,73.59986114501953,20.073644638061523
2021-09-21,33.732177734375,73.62885284423828,20.120386123657227
2021-09-22,34.2959098815918,74.6383056640625,20.740781784057617
2021-09-23,35.13691329956055,75.63814544677734,21.467411041259766
2021-09-24,35.321754455566406,75.69125366210938,21.628887176513672
2021-09-27,35.80231857299805,74.95709991455078,22.398008346557617
2021-09-28,35.210845947265625,72.73528289794922,22.4744930267334
2021-09-29,35.238582611083984,72.64353942871094,22.4744930267334
2021-09-30,34.6840705871582,72.12187957763672,22.134550094604492
2021-10-01,35.257049560546875,73.20863342285156,22.878173828125
2021-10-04,34.95207977294922,71.5133056640625,23.252113342285156
2021-10-05,35.63597106933594,72.53242492675781,23.388093948364258
2021-10-06,35.67293930053711,73.0057601928711,23.141630172729492
2021-10-07,35.885498046875,73.67231750488281,23.32010841369629
2021-10-08,36.06108474731445,73.39701843261719,24.038232803344727
2021-10-11,35.700660705566406,72.99127197265625,23.948999404907227
2021-10-12,35.589759826660156,72.61454772949219,23.970245361328125
2021-10-13,35.38644027709961,73.05892181396484,23.948999404907227
2021-10-14,35.9779167175293,74.70591735839844,24.242198944091797
2021-10-15,36.51392364501953,75.30487823486328,24.361177444458008
2021-10-18,36.523170471191406,75.94242095947266,24.378175735473633
2021-10-19,36.88359451293945,76.69590759277344,24.65437889099121
2021-10-20,37.1793327331543,76.4833984375,24.85409927368164
2021-10-21,37.022220611572266,76.77800750732422,24.395170211791992
2021-10-22,37.53974914550781,76.51237487792969,24.624635696411133
2021-10-25,37.49354553222656,76.76354217529297,24.985824584960938
2021-10-26,37.52127456665039,76.98088073730469,25.130300521850586
2021-10-27,36.90208053588867,76.91326904296875,24.407920837402344
2021-10-28,37.354923248291016,77.68606567382812,24.58213996887207
2021-10-29,37.20705032348633,78.01933288574219,24.42066764831543
2021-11-01,37.22553253173828,77.90340423583984,24.841350555419922
2021-11-02,37.317955017089844,78.58927917480469,24.607635498046875
2021-11-03,37.456581115722656,79.04813385009766,24.40367317199707
2021-11-04,36.966766357421875,80.28460693359375,24.437667846679688
2021-11-05,36.985252380371094,80.69999694824219,24.756359100341797
2021-11-08,37.18857192993164,81.13469696044922,24.98157501220703
2021-11-09,36.985252380371094,80.80143737792969,25.083555221557617
2021-11-10,36.92056655883789,79.46833801269531,24.42066764831543
2021-11-11,37.022220611572266,79.84024047851562,24.51415252685547
2021-11-12,37.10540008544922,80.81106567382812,24.454660415649414
2021-11-15,37.10540008544922,80.72896575927734,24.658626556396484
2021-11-16,37.06843566894531,81.57905578613281,24.696870803833008
2021-11-17,36.643314361572266,81.33272552490234,24.318689346313477
2021-11-18,36.45847702026367,82.1441879272461,24.174205780029297
2021-11-19,36.06108474731445,82.74310302734375,23.230867385864258
2021-11-22,36.56937026977539,81.820556640625,23.643049240112305
2021-11-23,37.14236831665039,81.63218688964844,24.36967658996582
2021-11-24,37.05918884277344,82.22628784179688,24.607635498046875
2021-11-26,35.830047607421875,80.17352294921875,23.6175537109375
2021-11-29,35.94093704223633,82.177978515625,23.753530502319336
2021-11-30,35.08146286010742,81.49211883544922,23.196868896484375
2021-12-01,34.693321228027344,80.37638854980469,22.950416564941406
2021-12-02,35.72837448120117,81.1153793334961,23.6175537109375
2021-12-03,35.146148681640625,79.75814056396484,23.430585861206055
2021-12-06,35.68217849731445,80.51647186279297,23.779024124145508
2021-12-07,36.31985092163086,83.32752227783203,24.335681915283203
2021-12-08,36.12577819824219,83.7091064453125,24.331432342529297
2021-12-09,36.051841735839844,82.80587768554688,24.144466400146484
2021-12-10,36.08881378173828,84.46741485595703,24.322935104370117
2021-12-13,35.700660705566406,83.21159362792969,23.647296905517578
2021-12-14,35.9132194519043,81.84469604492188,23.549558639526367
2021-12-15,36.0148811340332,84.01339721679688,23.434829711914062
2021-12-16,36.46771240234375,81.63218688964844,23.583559036254883
2021-12-17,35.663692474365234,81.08638763427734,23.1033878326416
2021-12-20,34.97096633911133,80.12196350097656,22.817148208618164
2021-12-21,35.69525909423828,82.14956665039062,23.467105865478516
2021-12-22,35.86240768432617,83.22386169433594,23.617755889892578
2021-12-23,36.048133850097656,83.68841552734375,23.63066864013672
2021-12-27,36.4195671081543,85.48374938964844,24.147180557250977
2021-12-28,36.438140869140625,85.03854370117188,24.129966735839844
2021-12-29,36.3917121887207,85.11112976074219,23.97501564025879
2021-12-30,36.32670211791992,84.5497817993164,23.82866668701172
2021-12-31,36.26171112060547,84.13847351074219,23.888927459716797
2022-01-03,36.707435607910156,84.93692779541016,24.629268646240234
2022-01-04,37.673179626464844,84.03683471679688,25.481523513793945
2022-01-05,37.236732482910156,81.45272827148438,25.477216720581055
2022-01-06,37.78460693359375,81.04138946533203,26.045387268066406
2022-01-07,38.2303352355957,80.29617309570312,26.40264320373535
2022-01-10,38.10032653808594,80.31067657470703,26.32086181640625
2022-01-11,38.43461990356445,81.27367401123047,27.216157913208008
2022-01-12,38.46248245239258,81.65596771240234,27.267810821533203
2022-01-13,38.31391143798828,79.54125213623047,27.13007164001465
2022-01-14,37.91460418701172,80.21388244628906,27.767107009887695
2022-01-18,37.069583892822266,78.28791046142578,27.87902069091797
2022-01-19,36.44742965698242,77.19425964355469,27.676721572875977
2022-01-20,36.21527862548828,76.19738006591797,27.422765731811523
2022-01-21,35.47239685058594,74.68274688720703,26.88042640686035
2022-01-24,35.574546813964844,75.06987762451172,27.061203002929688
2022-01-25,35.723121643066406,73.3326187133789,28.111452102661133
2022-01-26,35.815982818603516,73.76329803466797,28.064105987548828
2022-01-27,35.490962982177734,73.25519561767578,28.369712829589844
2022-01-28,35.95527267456055,76.45873260498047,28.249187469482422
2022-01-31,36.270999908447266,78.37986755371094,28.374013900756836
2022-02-01,36.772438049316406,78.58309936523438,29.385530471801758
2022-02-02,37.02315902709961,79.22186279296875,29.480226516723633
2022-02-03,36.61457443237305,76.92325592041016,29.2004451751709
2022-02-04,37.236732482910156,77.23297882080078,29.656705856323242
2022-02-07,37.348167419433594,76.72003173828125,30.03548240661621
2022-02-08,37.86817932128906,77.66849517822266,29.389833450317383
2022-02-09,38.109619140625,79.39124298095703,29.63518524169922
2022-02-10,37.77531814575195,77.31524658203125,29.450092315673828
2022-02-11,37.246009826660156,74.95372009277344,30.306652069091797
2022-02-14,36.82815170288086,74.92952728271484,29.592140197753906
2022-02-15,37.32960510253906,76.89907836914062,29.2822265625
2022-02-16,37.357452392578125,76.8216552734375,29.518964767456055
2022-02-17,36.42884826660156,74.5230484008789,29.471616744995117
2022-02-18,36.4195671081543,73.76815032958984,29.290834426879883
2022-02-22,36.23384475708008,73.08580017089844,28.81736183166504
2022-02-23,35.6024055480957,71.2566146850586,29.114356994628906
2022-02-24,35.17524719238281,73.69071960449219,28.886232376098633
2022-02-25,36.30812454223633,74.69241333007812,29.648094177246094
2022-02-28,35.76955032348633,74.55692291259766,30.37982749938965
2022-03-01,34.45093536376953,73.06648254394531,30.685440063476562
2022-03-02,35.3423957824707,74.64886474609375,31.387035369873047
2022-03-03,35.23096466064453,73.75845336914062,31.473125457763672
2022-03-04,34.571651458740234,72.46641540527344,32.3813362121582
2022-03-07,33.30877685546875,69.8145523071289,32.859107971191406
2022-03-08,33.113765716552734,69.4758071899414,33.3756217956543
2022-03-09,34.330230712890625,72.22444152832031,32.35550308227539
2022-03-10,34.042362213134766,70.96144104003906,33.345497131347656
2022-03-11,33.800926208496094,69.7129135131836,33.07863235473633
2022-03-14,34.22808074951172,68.42086029052734,32.0886344909668
2022-03-15,34.71095275878906,70.71946716308594,30.913564682006836
2022-03-16,35.68597412109375,73.01806640625,30.77151870727539
2022-03-17,36.13169860839844,73.53587341308594,31.830373764038086
2022-03-18,36.21527862548828,75.04083251953125,31.800247192382812
2022-03-21,36.17985153198242,74.89830780029297,33.08216094970703
2022-03-22,36.76715850830078,75.9745864868164,32.838829040527344
2022-03-23,36.08662414550781,74.80619812011719,33.40373229980469
2022-03-24,36.37561798095703,76.7502670288086,33.486305236816406
2022-03-25,36.841739654541016,76.70663452148438,34.220680236816406
2022-03-28,36.73918914794922,77.61811065673828,33.37331771850586
2022-03-29,36.82309341430664,79.26644897460938,33.28640365600586
2022-03-30,36.56206512451172,78.2095718383789,33.67315673828125
2022-03-31,35.72305679321289,77.05086517333984,33.21687316894531
2022-04-01,35.62982940673828,76.822998046875,33.486305236816406
2022-04-04,35.47135925292969,78.28227996826172,33.52975845336914
2022-04-05,35.24763107299805,76.6339340209961,33.00394821166992
2022-04-06,35.0052375793457,74.82073974609375,33.199493408203125
2022-04-07,34.96794891357422,74.93710327148438,33.6340446472168
2022-04-08,35.322200775146484,73.889892578125,34.55963134765625
2022-04-11,35.16371536254883,72.0282211303711,33.52106475830078
2022-04-12,34.7815055847168,71.70825958251953,34.0772819519043
2022-04-13,34.7815055847168,72.86209106445312,34.58571243286133
2022-04-14,34.38996505737305,71.09255981445312,34.698692321777344
2022-04-18,34.595062255859375,71.32526397705078,35.20710372924805
2022-04-19,35.07050323486328,72.663330078125,34.920310974121094
2022-04-20,35.3128776550293,72.59546661376953,35.05502700805664
2022-04-21,34.753543853759766,71.36404418945312,33.94257736206055
2022-04-22,33.71876525878906,69.36663055419922,33.11258316040039
2022-04-25,33.77470016479492,70.40895080566406,32.017520904541016
2022-04-26,32.92636489868164,67.78614807128906,32.06097412109375
2022-04-27,32.89840316772461,68.7896957397461,32.53028869628906
2022-04-28,33.31790542602539,71.54341888427734,33.516719818115234
2022-04-29,32.171260833740234,68.56184387207031,32.65631103515625
2022-05-02,32.18058395385742,69.60417938232422,33.177764892578125
2022-05-03,32.60009765625,69.72537994384766,34.107696533203125
2022-05-04,33.59757614135742,72.17366790771484,35.52432632446289
2022-05-05,32.61873245239258,68.70243835449219,34.989830017089844
2022-05-06,32.385677337646484,68.14974975585938,36.03274917602539
2022-05-09,31.611927032470703,65.51236724853516,33.05175018310547
2022-05-10,31.332252502441406,66.5110855102539,33.351585388183594
2022-05-11,31.04326629638672,64.41188049316406,33.79917526245117
2022-05-12,30.810205459594727,63.747684478759766,33.94257736206055
2022-05-13,31.257675170898438,65.86627960205078,35.102821350097656
2022-05-16,30.996654510498047,65.2845230102539,36.028404235839844
2022-05-17,31.82634162902832,67.17526245117188,36.4455680847168
2022-05-18,30.950040817260742,64.1015853881836,35.511295318603516
2022-05-19,30.74495506286621,63.39861297607422,35.380924224853516
2022-05-20,30.689014434814453,63.53920364379883,35.53300857543945
2022-05-23,31.686498641967773,64.99850463867188,36.471649169921875
2022-05-24,31.621252059936523,64.0337142944336,36.61069869995117
2022-05-25,31.87295150756836,64.78031158447266,37.36681365966797
2022-05-26,32.609413146972656,66.3365707397461,37.779640197753906
2022-05-27,33.15943145751953,68.58123779296875,38.47056198120117
2022-05-31,33.06620407104492,68.09158325195312,37.892616271972656
2022-06-01,32.53483200073242,67.88795471191406,38.509674072265625
2022-06-02,32.982303619384766,69.5314712524414,38.38800048828125
2022-06-03,32.506866455078125,67.86856842041016,38.89642333984375
2022-06-06,32.60009765625,67.8734130859375,38.85297393798828
2022-06-07,32.8517951965332,68.68303680419922,40.013221740722656
2022-06-08,32.273807525634766,67.90736389160156,40.10012435913086
2022-06-09,31.462766647338867,66.09415435791016,39.21364974975586
2022-06-10,30.325441360473633,63.55376434326172,38.54878616333008
2022-06-13,29.421184539794922,60.73700714111328,36.536827087402344
2022-06-14,29.16948127746582,61.12000274658203,36.606353759765625
2022-06-15,29.495763778686523,62.409603118896484,35.798091888427734
2022-06-16,28.749980926513672,59.86919021606445,33.781795501708984
2022-06-17,28.833881378173828,60.417030334472656,31.934955596923828
2022-06-21,29.409320831298828,61.9544677734375,33.589378356933594
2022-06-22,29.343713760375977,61.691993713378906,32.2447509765625
2022-06-23,29.231252670288086,62.61553192138672,31.049524307250977
2022-06-24,30.309032440185547,64.86602783203125,31.458181381225586
2022-06-27,30.205942153930664,64.42857360839844,32.3809700012207
2022-06-28,29.906036376953125,62.498878479003906,33.25542068481445
2022-06-29,29.737340927124023,62.62525177001953,32.0997428894043
2022-06-30,29.474925994873047,61.78920364379883,31.42302894592285
2022-07-01,29.877920150756836,61.93016815185547,31.893217086791992
2022-07-05,29.77482795715332,62.7078857421875,30.62767219543457
2022-07-06,29.699851989746094,63.24741744995117,30.104766845703125
2022-07-07,30.130962371826172,64.55493927001953,31.190143585205078
2022-07-08,30.06536102294922,64.58411407470703,31.176956176757812
2022-07-11,29.82168960571289,63.69460678100586,30.87815284729004
2022-07-12,29.634246826171875,62.82453536987305,30.27614402770996
2022-07-13,29.37183380126953,62.65926742553711,30.22780418395996
2022-07-14,28.80950927734375,63.23283767700195,29.65656089782715
2022-07-15,29.784202575683594,64.34591674804688,30.139923095703125
2022-07-18,29.671735763549805,63.7237663269043,30.82981300354004
2022-07-19,30.562074661254883,65.66805267333984,31.778959274291992
2022-07-20,30.674543380737305,66.69364929199219,32.08656311035156
2022-07-21,30.87135124206543,67.63177490234375,31.524089813232422
2022-07-22,30.693286895751953,66.6985092163086,31.264835357666016
2022-07-25,30.890098571777344,66.27564239501953,32.4117317199707
2022-07-26,30.458986282348633,65.201416015625,32.1173210144043
2022-07-27,30.92758560180664,68.00604248046875,32.84236526489258
2022-07-28,31.152515411376953,69.04136657714844,33.02692794799805
2022-07-29,31.592994689941406,70.10099792480469,34.45943832397461
